Title,Description,Buyer,Low Value,High Value,Dispatch Date,Submission Date
Tenter with critreries,"<p><strong><em><u>Hello, world!</u></em></strong></p>",,,,2018-09-18 07:47:27 UTC,2018-10-18 07:47:27 UTC
Tenter with criteries,"<p><strong><em><u>Hello, world!</u></em></strong></p>",,0.0,10000.0,2018-09-18 07:47:27 UTC,2018-10-18 07:47:27 UTC
New tender,,,0.0,10000.0,,
New tender,,,0.0,10000.0,,
New tender,,,0.0,10000.0,,
New tender,,,0.0,10000.0,,
New tender,,,0.0,10000.0,,
New tender,,,0.0,10000.0,,
New tender,,,0.0,10000.0,,
New tender,,,0.0,10000.0,,
New tender,,,0.0,10000.0,,
New tender,,,0.0,10000.0,,
New tender,,,0.0,10000.0,,
New tender,,,0.0,10000.0,,
New tender,,,0.0,10000.0,,
New tender,,,0.0,10000.0,,
New tender,,,0.0,10000.0,,
New tender,,,0.0,10000.0,,
New tender,,,0.0,10000.0,,
New tender,,,0.0,10000.0,,
New tender,,,0.0,10000.0,,
New tender,,,0.0,10000.0,,
New tender,,,0.0,10000.0,,
New tender,,,0.0,10000.0,,
New tender,,,0.0,10000.0,,
New tender,,,0.0,10000.0,,
New tender,,,0.0,10000.0,,
New tender,,,0.0,10000.0,,
New tender,,,0.0,10000.0,,
New tender,,,0.0,10000.0,,
Transporto priemonių degalų pirkimas,,,200000.0,800000.0,2018-09-25 08:34:10 UTC,2016-09-13 04:59:00 UTC
"Gamtinių dujų, jų perdavimo, skirstymo ir nenutrūkstamo teikimo paslaugų pirkimas",,,,,,
Laboratorini킬 reagent킬 ir papildom킬 priemoni킬 pirkimas,,,,,,
Vejų šienavimo Kauno mieste paslaugų pirkimas,,,,,,
Savivaldybės valdomų statinių ir patalpų (kultūros paveldo projektavimo paslaugų pirkimas,,,,,,
Projekto „Kompleksinis tikslinės teritorijos daugiabučių kiemų tvarkymas“ techninio projekto parengimo paslaugos,,,,,,
KeliÅ³ policijos patruliniai automobiliai,,,,,,
"Medicininės įrangos, chirurginių instrumentų ir kitų pagalbinių priemonių pirkimas",,,,,,
Klubo sąnario endoprotezo komponentai,,,,,,
24 kvietimas. Telekomunikacijų įranga,,,,,,
SUSKYSTINTOS GAMTINÄ–S DUJOS,,,,,,
ORACLE LICENCIJŲ PRIEŽIŪROS PASLAUGŲ PIRKIMAS,,,,,,
UltragarsinÄ—s diagnostikos sistema ir kiti medicininiai reikmenys 2017,,,,,,
"PASLAUGŲ VALDYMO SISTEMOS VEIKIMO STEBĖJIMO, PRIEŽIŪROS IR MODIFIKAVIMO PASLAUGŲ PIRKIMAS",,,,,,
Mokesčių apskaitos informacinės sistemos (MAIS priežiūros paslaugų viešasis pirkimas,,,,,,
"(2017-ESO-2470 ESO nuosavų spec. paskirties autobokštelių, krovininių transporto priemonių ir mechanizmų priežiūros, aptarnavimo ir administravimo paslaugų pirkimas",,,,,,
Gofruotų pralaidų pirkimas,,,,,,
"Klaipėdos uosto plėtros, pastatant išorinį uostą, galimybių studijos papildymo, duomenų atnaujinimo ir viešinimo paslaugos",,,,,,
Vaistų ir farmacijos produktų pirkimas,,,,,,
"Dantų protezai, jų konstrukcinės dalys bei technologinis apdorojimas pagal individualius užsakymus",,,,,,
Draudimo paslaugų tarptautinės vertės pirkimas,,,,,,
Bendruomenės centro-bibliotekos (Molo g. 60 pastato kapitalinio remonto projektavimo ir projekto vykdymo priežiūros paslaugos,,,,,,
Maišyklių pirkimas,,,,,,
Chirurginių siūlų pirkimas (1 dalis,,,,,,
Maisto produktai,,,,,,
Gelžbetonio gaminių pirkimas,,,,,,
Klaipėdos miesto bendrojo naudojimo teritorijų sanitarinio tvarkymo paslaugos vasaros ir žiemos sezonais bei šventinių renginių metu,,,,,,
MEDICINOS PREKĖS (VIENKARTINĖS PRIEMONĖS NR. 2423,,,,,,
Vaikų oftalmologo darbo vietos įrangos įsigijimas vykdant projektą „Vaikų retų ligų kompetencijos centro įsteigimas LSMU ligoninėje Kauno klinikose“,,,,,,
Chirurginių siūlų pirkimas (2 dalis,,,,,,
"Diagnostikos reagent킬, laboratorini킬 priemoni킬 ir serum킬 pirkimas (2",,,,,,
Medicinos įrangos įsigijimas vykdant projektą “Vaikų retų ligų kompetencijos centro įsteigimas LSMU ligoninėje Kauno klinikose”,,,,,,
Laboratorijos ėminių paėmimo priemonėms,,,,,,
Komunalinių atliekų surinkimo Ukmergės rajono savivaldybėje ir jų vežimo į atliekų apdorojimo ar šalinimo įrenginius paslaugos,,,,,,
"Perstemplinių tyrimų įrangos,elektrokardiografo,vertikalizavimo stalo,kraujospūdžio aparato pirkimas pagal projektą“Vaikų retų ligų kompetencijos centro įsteigimas LSMU ligoninėje Kauno klinikos""",,,,,,
Medicinos pagalbos priemonÄ—s,,,,,,
Visuomenės informavimo kampanijos nacionaliniuose žiniasklaidos kanaluose įgyvendinimo paslaugų pirkimas,,,,,,
"Administracinio pastato, adresu Gintaro g. 1, Klaipėdos m. sav. atnaujinimo ir energijos taupymo priemonių įdiegimo paslaugų pirkimas",,,,,,2018-06-18 09:00:00 UTC
Valgyklų technologinė įranga (preliminariosios sutartis,,,,,,
Vidutinės klasės ultragarsinės diagnostikos aparatas (3 vnt.,,,,,,
Medienos ruošos ir miškininkystės paslaugos 2018 m.,,,,,,
Veloergometro ir oftalmologo Ä¯rangos pirkimas,,,,,,
Vidutinės klasės ultragarsinės diagnostikos aparatas echokardiografiniams tyrimams atlikti,,,,,,
Skystos trivalentės geležies sulfato pirkimas,,,,,,
25 kvietimas. Skambučių centro programinės įrangos licencijos,,,,,,
Įmokų surinkimo ir duomenų perdavimo paslauga iš UAB „SOLLO“,,,,,,
Medicinos pagalbos priemonÄ—s,,,,,,
Transporto priemonių valdytojų privalomojo civilinės atsakomybės draudimo ir transporto priemonių KASKO draudimo paslaugų pirkimas,,,,,,
Medicininės priemonės ginekologijai,,,,,,
"Vaistai, kurių nėra CPO kataloge",,,,,,
"Savivaldybių pastatų fondo finansinės priemonės „Paskolos savivaldybių pastatų modernizavimui, finansuojamos iš Europos regioninės plėtros fondo“ valdytojo paslaugų pirkimas",,,,,,
Aukšto dažnio virpesius generuojančios liemenės ir deguonies koncentratoriaus įsigijimas vykdant projektą “Vaikų retų ligų kompetencijos centro įsteigimas LSMU ligoninėje Kauno klinikose”,,,,,,
"Traukos spintų, medicininių baldų ir čiužinių pirkimas",,,,,,
Instrumentų plovimo mašina,,,,,,
"PriemonÄ—s, skirtos intervencinei radialogijai III",,,,,,
Aerozoliniai purÅ¡kikliai,,,,,,
Medicininių baldų pirkimas,,,,,,
Vienkartiniai plastikiniai indeliai pieno mÄ—giniams,,,,,,
DOKUMENTŲ VALDYMO SISTEMOS „AVILYS“ PALAIKYMO PASLAUGŲ PIRKIMAS,,,,,,
Kėdainių tilto projektavimo atviras projekto konkursas,,,,,,
"Ortopedijoje traumatologijoje naudojamos užrakinamos plokštelės, skirtos sudėtingų ir komplikuotų lūžių gydymui bei instrumentai, naudojami su užrakinamomis plokštelėmis",,,,,,
Reagentų ir pagalbinių priemonių virusų PGR tyrimams pirkimas kartu su įrangos įsigijimu panaudos būdu Nr. 16248,,,,,,
Perkrovimo stočių operatoriaus paslaugų pirkimas,,,,,,
Skaitmeninės rentgeno diagnostinės sistemos pirkimas,,,,,,
Metalo implantų osteosintezei ir išorinės fiksacijos aparatų galūnių korekcijai bei traumų gydymui pirkimas Nr.14154,,,,,,
DantÅ³ implantai ir protezavimo dalys (studentams ir rezidentams,,,,,,
Valymo paslaugų užsakymai per CPO LT elektroninį katalogą iš socialinių įmonių,,,,,,
"Diagnostikos reagent킬, laboratorini킬 priemoni킬 ir serum킬 pirkimas (4",,,,,,
Radijo laidų sukūrimo ir transliavimo paslaugų pirkimas,,,,,,
Reagentai ir laboratorinės priemonės klinikinės chemijos tyrimų atlikimui kartu su įrangos įsigijimu panaudos būdu,,,,,,
Haloterapijos aparato pirkimas,,,,,,
Maišyklių ir kitų įrengimų atsarginių dalių pirkimas,,,,,,
Reagentai ir laboratorinės priemonės imunocheminių tyrimų atlikimui kartu su įrangos įsigijimu panaudos būdu,,,,,,
Kraujas ir jo komponentai,,,,,,
"Reagentų ir priemonių, skirtų klinikiniams tyrimams atlikti, pirkimas (AK-5/2017",,,,,,
"Paskolų portfelio garantijų, paskoloms apyvartinėms lėšoms papildyti ir (ar biologiniam turtui įsigyti, priemonės valdytojų paslaugos",,,,,,
Dokumentų valdymo sistemos „Kontora 2004“ raštinės modulio papildomų licencijų ir priežiūros paslaugų pirkimas,,,,,,
Elektros pirkimas,,,,,,
II Medicinos Ä¯rangos pirkimas (Nr. 2997,,,,,,
"Klaipėdos jūrų uosto krantinių, kurių unikalūs Nr. 2100-2030-1019 ir Nr. 2100-2030-1020, Smiltynės g. Klaipėda, rekonstravimo techninio projekto parengimas ir projekto vykdymo priežoiūra",,,,,,
Statybinių medžiagų ir panašių gaminių pirkimas,,,,,,
"Formuojamų žemės sklypų, skirtų Ateities pl. rekonstruoti ir Kauno pietrytiniam aplinkkeliui tiesti, Kaune, paėmimo visuomenės poreikiams projektų rengimo ir įgyvendinimo paslaugos",,,,,,
DujotiekiÅ³ jungties tarp Lenkijos ir Lietuvos dalies Lietuvos Respublikos teritorijoje statybos darbai,,,,,,2018-08-08 10:00:00 UTC
Vilkiko su hidrauliniu užtraukėju ir hidromanipuliatoriumi pirkimas,,,,,,
Sąjungai susirūpinimą keliančių invazinių svetimų rūšių netyčinės introdukcijos ir plitimo kelių Lietuvoje analizės bei prioritetinių patekimo kelių nustatymo paslaugos,,,,,,
Ikimokyklinio ugdymo įstaigų maitinimo administravimo informacinės sistemos sukūrimo paslaugų pirkimas,,,,,,
Valstybinės ir savivaldybės žemės sklypų formavimo paslaugų pirkimas,,,,,,
"Ma탑eiki킬 sporto ir pramog킬 centro, adresu Sedos g. 55, Ma탑eikiuose, statyba",,,,,,
Medicininių dujų ir medicininių dujų talpyklos išperkamosios nuomos būdu pirkimas,,,,,,
Skrydžių bandymų paslaugos / Flight inspection services,,,,,,
Vandens skaitikliai (įvadiniai daugiasraučiai ir kombinuoti,,,,,,2018-08-06 09:00:00 UTC
Kadastrini킬 matavim킬 atlikimo ir kadastro duomen킬 nustatymo paslaug킬 pirkimas,,,,,,
Vaistai,,,,,,
Transporto priemonių stovėjimo bilietų automatai,,,,,,
"Traktoriaus su sniego valymo peiliu, Å¡luota pirkimas",,,,,,
"Chirurginių siuvimo reikmenų, tvarsliavos ir kitų medicininių priemonių pirkimas III",,,,,,
"Krovininių automobilių techninės priežiūros, gedimų diagnostikos ir remonto paslaugų pirkimas",,,,,,
Monokloniniai antikūnai Centralizuotai apmokamų vaistinių preparatų ir medicinos pagalbos priemonių sąraše nurodytoms indikacijoms (Rituximab gydyti,,,,,,2018-07-31 14:00:00 UTC
"Tarpininkavimo paslaugos, renkant vietinę rinkliavą ir nustatytą mokestį už transporto priemonių stovėjimą per mobiliojo ryšio operatoriaus UAB ""Bitė Lietuva"" tinklą",,,,,,
"Krovininių automobilių MAZ, GAZ, ZIL ir traktorių MTZ atsarginių dalių pirkimas",,,,,,
Kultūrinės veiklos ir auditorijų analizės įrankių informcinės sistemos sukūrimo ir įdiegimo paslaugų pirkimas,,,,,,
Regos negalios kompensacinės programinės įrangos viešasis pirkimas,,,,,,
Trakų rajono vietinės reikšmės kelių (gatvių kapitalinio remonto (asfaltbetonio dangos įrengimas darbai;,,,,,,
Branduolinio magnetinio rezonanso tyrimÅ³ paslaugos,,,,,,
Gamtinių dujų pirkimas,,,,,,
Kompiuterinės techninės įrangos pirkimas,,,,,,
Mokomasis / tiriamasis hidrolatakas su priedais,,,,,,
"Video rubrikų sukūrimo, transliavimo ir jų sklaidos paslaugos",,,,,,
Keleivių ir transporto priemonių perkėlimo keltais per Klaipėdos valstybinio jūrų uosto akvatoriją į Kuršių neriją ir iš Kuršių nerijos bilieto kainos kompensavimo sistemos pirkimas,,,,,,2018-08-08 09:00:00 UTC
Duomenų ryšio paslaugos / Data link services,,,,,,
Atliekų išvežimo paslaugų pirkimas,,,,,,
Biokuro deginimo metu susidariusių atliekų išvežimo ir sutvarkymo paslaugų pirkimas,,,,,,
Informacinės sistemos sukūrimo ir įdiegimo paslaugos,,,,,,
Debesijos paslaugos,,,,,,
RankÅ³ kremo pirkimas,,,,,,
Viešojo administravimo paslaugų sektoriaus profesinio standarto rengimo paslaugos,,,,,,
Augalų naikinimo cheminėmis priemonėmis Kauno mieste paslaugų pirkimas,,,,,,
(2017-ESO-2711 Draudimo paslaugÅ³ pagal preliminarias sutartis pirkimas,,,,,,
Lengvųjų automobilių autoserviso paslaugos,,,,,,
Reagentų ir pagalbinių priemonių pirkimas kartu su įrangos įsigijimu panaudos būdu Nr. 14742,,,,,,
"VŠĮ Klaipėdos universitetinės ligoninės pastato Liepojos g. 39, Klaipėda, dalies – korpuso „D“ – rekonstravimo ir pastato dalies – korpuso „A“ – rekonstravimo projekto parengimo paslauga",,,,,,
Elektroninių paslaugų informacinės sistemos sukūrimo ir įdiegimo paslaugų pirkimas,,,,,,
"Diskinių metalo pjovimo frezų, kopėčių ir pastolių pirkimas",,,,,,2018-08-10 09:00:00 UTC
Šratasvaidžio įrenginio su ritininiais konvejeriais pirkimas,,,,,,
Kauno miesto savivaldybės valdomų negyvenamosios paskirties pastatų administravimo paslaugų pirkimas,,,,,,
"RADIJO SPEKTRO STEBĖSENOS IR PELENGAVIMO SISTEMOS JUDRIOSIOMS RADIJO STEBĖSENOS STOTIMS (DAŽNIŲ DIAPAZONAS 9 kHz – 8500 MHz, 4 KOMPLEKTŲ PIRKIMAS",,,,,,
Keičiamų filtrų kasečių pirkimas,,,,,,
Operacinis oftalmologinis mikroskopas priekinio akies segmento operacijoms atlikti,,,,,,
Šratasvaidžio įrenginio su pakabinamu konvejeriu pirkimas,,,,,,
Įvairaus galingumo LED gatvės šviestuvų pirkimas,,,,,,
Valstybinės žemės sklypų individualaus vertinimo paslaugų pirkimas,,,,,,
SunkiasvorÄ—s technikos remonto paslaugos,,,,,,
UltragarsinÄ—s diagnostikos aparatas (2 vnt.,,,,,,
Užstato už vienkartines pakuotes sistemos plėtros sąnaudų–naudos analizės atlikimo paslaugos,,,,,,
Automatikos sistemų įrengimo darbai/ Automation installation works,,,,,,2018-07-09 13:00:00 UTC
Traktorių su sniego valymo peiliais ir šluotomis pirkimas,,,,,,
"Medicinos prietaisų remonto paslaugos ir atsarginės, eksplotacinės dalys medžiagos",,,,,,
Atsarginės dalies ir remonto paslaugų pirkimas Nr. 2749,,,,,,
Kompiuterinio tomografo lizingo bÅ«du pirkimas,,,,,,
Aukščiausios klasės ultragarsinės diagnostikos aparatas,,,,,,
"Parodų centro, Laisvės pr. 5, Vilniaus m., audiovizualinių ir konferencijų sistemų įrangos įsigijimo ir diegimo viešasis pirkimas",,,,,,
Oftalmologinių instrumentų rinkinys,,,,,,
Endoskopinė įranga,,,,,,
"Laisvės alėjos tarp A. Mickevičiaus g. ir Vilniaus g. (I, II, III, IV etapų rekonstravimo darbų pirkimas",,,,,,
"REGIONAS A. GAIVINIMO IR AUTOMATINĖS IŠORINĖS DEFIBRILIACIJOS BEI KRAUJAVIMO STABDYMO MOKYMŲ PANAUDOJANT REALIAS PAGALBOS TEIKIMO PRIEMONES, ORGANIZAVIMO IR VYKDYMO PASLAUGŲ PIRKIMAS",,,,,,
Inžinerinių sistemų ir inžinerinių tinklų priežiūros paslaugos (Kauno įgulos aptarnavimo centras,,,,,,
Aukščiausios klasės ultragarsinės diagnostikos aparatas echokardiografiniams tyrimams atlikti,,,,,,
"Žemagrindžiai autobusai, naudojantys suslėgtas gamtines dujas",,,,,,
Medicinos pagalbos priemonÄ—s,,,,,,
Mišrių komunalinių atliekų rūšiavimo ir perdavimo perdirbti ir/ar panaudoti paslaugos,,,,,,2018-08-08 10:00:00 UTC
"Švirkštai, kateteriai ir panašios priemonės (III",,,,,,
Inžinerinių sistemų ir inžinerinių tinklų priežiūros paslaugos (Panevėžys,,,,,,
EndoskopinÄ— ultragarso sistema,,,,,,
"REGIONAS B. GAIVINIMO IR AUTOMATINĖS IŠORINĖS DEFIBRILIACIJOS BEI KRAUJAVIMO STABDYMO MOKYMŲ PANAUDOJANT REALIAS PAGALBOS TEIKIMO PRIEMONES, ORGANIZAVIMO IR VYKDYMO PASLAUGŲ PIRKIMAS",,,,,,
"Pastato in탑inerini킬 sistem킬 valdymo, aptarnavimo, montavimo ir atstatymo po gedim킬 paslauga",,,,,,
METODIKOS DĖL FUNKCINIO NEPRIKLAUSOMUMO NUSTATYMO SKALĖS NAUDOJIMO PARENGIMO IR MEDICININĖS REABILITACIJOS SPECIALISTŲ MOKYMŲ PASLAUGOS,,,,,,2018-08-03 09:00:00 UTC
Inžinerinių sistemų ir inžinerinių tinklų priežiūros paslaugos (Alytus ir Tauragė,,,,,,
"REGIONAS C. GAIVINIMO IR AUTOMATINĖS IŠORINĖS DEFIBRILIACIJOS BEI KRAUJAVIMO STABDYMO MOKYMŲ PANAUDOJANT REALIAS PAGALBOS TEIKIMO PRIEMONES, ORGANIZAVIMO IR VYKDYMO PASLAUGŲ PIRKIMAS",,,,,,
Vaikų žaidimo aikštelių įrenginių pirkimas,,,,,,
UltragarsinÄ—s diagnostikos aparatai echokardiografiniams tyrimams atlikti,,,,,,
Medicinos pagalbos priemonÄ—s,,,,,,
Medicininės įrangos dalys bei serviso paslaugos,,,,,,
"Kauno miesto savivaldybės administracinių, švietimo ir kultūros įstaigų pastatų (patalpų inžinerinių sistemų techninės priežiūros (eksploatavimo paslaugų pirkimas",,,,,,
KOMPIUTERINIO IR TELEFONIJOS TINKLO ADMINISTRAVIMO IR PRIEŽIŪROS PASLAUGOS,,,,,,
Lietuvos teism킬 interneto svetaini킬 suk큰rimo paslaug킬 pirkimas,,,,,,
Vienkartinės medicininės priemonės kompiuterinio tomografo automatiniam injektoriui Ulrich Medical,,,,,,
Medikamentai (3 dalis,,,,,,
SIURBLIŲ VALDYMO ĮRANGOS PIRKIMAS,,,,,,
"Pretendentų į švietimo įstaigų (išskyrus aukštąsias mokyklas vadovus užduočių parengimo, testavimo ir kompetencijų vertinimo paslaugos",,,,,,
Vaizdo stebėjimo sistemos įvažiuojančiam ir nuvažiuojančiam transportui nustatyti įsigijimas ir priežiūra,,,,,,
Dideli킬 gabarit킬 atliek킬 tvarkymo paslaug킬 pirkimas,,,,,,2018-08-21 10:00:00 UTC
Šiaulių įgulos aptarnavimo centro administruojamų patalpų valymo ir priežiūros paslaugos,,,,,,
Gruzd탑i킬 gimnazijos rekonstravimo Techninio projekto koregavimo ir statinio projekto vykdymo prie탑i큰ros paslaugos,,,,,,
Lauko stovyklos įrengimo ir techninės priežiūros paslaugos,,,,,,
Šilumos tinklų šilumos ir hidraulinių nuostolių bandymo ataskaitų patikslinimo darbų skelbiamos apklausos konkursas,,,,,,2018-08-09 10:00:00 UTC
Inžinerinių sistemų ir inžinerinių tinklų priežiūros paslaugos (Vilniaus įgulos aptarnavimo centras,,,,,,
Finansų ir valdymo apskaitos informacinės sistemos priežiūros paslaugų pirkimas,,,,,,
Atviras konkursas dėl valymo paslaugų pirkimo,,,,,,
"Naftos produktų gaudyklių, plovyklos, lietaus nuotekų priežiūros ir valymo paslaugos",,,,,,
PROGRAMINĖS ĮRANGOS ĮSIGIJIMAS,,,,,,
Virtualizavimo infrastruktūros atnaujinimo ir rezervinio kopijavimo modernizavimo pirkimo techninė specifikacija,,,,,,
MEDIENOS RUOŠOS IR MIŠKŲ ŪKIO PASLAUGŲ PIRKIMAS,,,,,,
"Galimybių studijos dėl tinkamos pagalbos ir globos sužeistiems, nelaimėn patekusiems, esantiems netinkamoje jiems aplinkoje ar konfiskuotiems laukiniams gyvūnams parengimo paslaugos",,,,,,
Stacionarių ir nešiojamųjų kompiuterių pirkimas,,,,,,
Chirurginių instrumentų pirkimas,,,,,,
"Finansų valdymo ir apskaitos sistemos priežiūros, konsultavimo ir vystymo paslaugos",,,,,,
"Perspektyvinio naujų viešojo transporto rūšių diegimo galimybių studijos, investicijų projekto bei viešojo ir privataus sektorių partnerystės dokumentų paketo parengimo paslaugos",,,,,,
Žemės paėmimo visuomenės poreikiams vietinės reikšmės automobilių kelių statybai ir rekonstrukcijai paslaugos,,,,,,2018-08-13 10:00:00 UTC
Regos negalios kompensacinės technikos viešasis pirkimas,,,,,,
Knygų ir brošiūrų spausdinimo paslaugų viešasis pirkimas,,,,,,2018-08-06 10:00:00 UTC
Pramoninių technologijų įranga,,,,,,
Data Link Services / Duomenų ryšio paslaugos,,,,,,
PROGRAMINĖS ĮRANGOS „GDV ETS-REPORTER“ LICENCIJŲ NAUJUMO GARANTIJOS IR PALAIKYMO PASLAUGA,,,,,,2018-08-16 10:00:00 UTC
"Laboratorinių reagentų pirkimas (infekcijų serologiniai, hematologiniai, šlapimo tyrimai",,,,,,
Utenos dumblo apdorojimo įrenginių statyba,,,,,,
Pašto paslaugų pirkimas,,,,,,
Medicinos pagalbos priemonÄ—s,,,,,,
Urbanistinių ir architektūrinių galimybių studijų rengimo paslaugų pirkimas,,,,,,
Statinių inžinerinių sistemų ir inžinerinių tinklų priežiūros paslaugos (Nemenčinėje,,,,,,
Vilniaus miesto gatvi킬 ir kiem킬 dangos remontas bei prie탑i큰ra,,,,,,2018-08-14 10:00:00 UTC
"Laboratorinių reagentų pirkimas (biochemija, patologija",,,,,,
Linijinis greitintuvas,,,,,,
PUSIAU POŽEMINIŲ KONTEINERIŲ ĮSIGIJIMAS IR AIKŠTELIŲ ĮRENGIMAS,,,,,,2018-08-16 10:00:00 UTC
Lovų kūdikiams ir čiužinių įsigijimas vykdant projektą “Vaikų retų ligų kompetencijos centro įsteigimas LSMU ligoninėje Kauno klinikose”,,,,,,
Vakcinų ir vaistų pirkimas,,,,,,
Maisto produktų Šiaulių miesto pietinės dalies lopšeliams-darželiams pirkimas,,,,,,
"Klaipėdos piliavietės šiaurinės kurtinos muziejinės ekspozicijos Priešpilio g. 2 projektavimo paslaugos, pritaikant šiuolaikines informacines technologijas",,,,,,
"Konteinerių (dušų, prausyklų, džiovyklų, sandėliavimo konteinerių nuoma ir techninė priežiūra",,,,,,
Laboratorinių reagentų (mikrobiologija pirkimas,,,,,,
Klinitrono dalelių lovos,,,,,,2018-08-20 13:00:00 UTC
Vienkartinės medicinos pagalbos priemonės (pagrindinis,,,,,,2018-07-31 09:00:00 UTC
Medicinos pagalbos priemonÄ—s,,,,,,
Ortodontinės priemonės,,,,,,
"VIENKARTINIŲ MEDICINOS PRIEMONIŲ INTERVENCINEI KARDIOLOGIJAI PIRKIMAS, NR. 16155",,,,,,
Jodo (I-125 radioaktyvūs šaltiniai,,,,,,2018-08-07 10:00:00 UTC
Medicinos Ä¯ranga: mobilus ir portatyvinis rentgeno aparatai,,,,,,
Aplinkosaugos leidimų informacinės sistemos atliekų sektoriaus procesų vykdymui reikalingos įrangos atnaujinimo paslaugos,,,,,,
"Dantų implantai, protezavimo dalys, dantų implantacijos pagalbiniai instrumentai",,,,,,
Dezinfekcinių medžiagų pirkimas,,,,,,
Medicininės įrangos dalys bei serviso paslaugos,,,,,,
Laparoskopiniai instrumentai,,,,,,
Sunkvežimių remonto paslaugos,,,,,,
Centrifugos bÅ«gno pirkimas,,,,,,2018-08-06 09:00:00 UTC
Krepinis popierius ir konteineriai,,,,,,
Naftos produktų kaupimo ir tvarkymo paslaugų pirkimas,,,,,,
Pakuo훾i킬 atliek킬 konteineri킬 pirkimas,,,,,,
Elektrochirurginis prietaisas,,,,,,2018-08-06 09:00:00 UTC
Ekspertų paslaugos farmacijos vykdomų studijų programų išoriniam vertinimui,,,,,,
"Pamario gatvės rekonstravimo darbai (gatvės II, III, IV etapų ir pėsčiųjų-dviračių tako I ir II etapų rekonstravimas",,,,,,
Transporto priemonių draudimo paslaugų pirkimas,,,,,,
Laboratorinių reagentų pirkimas (bendrosios priemonės,,,,,,
Gyvenamųjų vietovių teritorijų ribų ir pavadinimų tvarkymo paslaugos,,,,,,2018-08-21 13:30:00 UTC
Monokloninių antikūnų metastazusiam gaubtinės arba tiesiosios žarnos vėžio I eilės gydymui (Cetuximab ar Panitumumab,,,,,,2018-08-01 10:00:00 UTC
Medicininės pirštinės,,,,,,
Tarnybinių transporto priemonių remonto paslaugų pirkimas,,,,,,
Balistinių šalmų pirkimas,,,,,,
ŪKINĖS PREKĖS,,,,,,
LSMU REZIDENTŪROS STUDIJŲ PROCESUI REIKALINGOS WIFI ĮRANGOS KOMPLEKTO ĮSIGYJIMAS ( PAGAL PROJEKTĄ NR.09.1.1-CPVA-V720-03-0001.,,,,,,2018-08-06 10:00:00 UTC
Ultragarsini킬 defektoskop킬 RDM-23 atsargini킬 dali킬 pirkimas,,,,,,
MedicininÄ—s ir kitos dujos,,,,,,
Autotransporto hidraulinÄ—s technikos remonto paslaugos,,,,,,
ŠIAULIŲ ĮGULOS APTARNAVIMO CENTRO ADMINISTRUOJAMŲ TERITORIJŲ VALYMO IR PRIEŽIŪROS PASLAUGOS,,,,,,
Vienybės aikštės dangų pirkimas,,,,,,2018-08-22 13:00:00 UTC
Panevėžio miesto kalėdinės eglutės ir kalėdinių puošybinių elementų idėjos pateikimas ir jos įgyvendinimas tiekėjo dekoracijomis,,,,,,2018-08-06 13:00:00 UTC
Klaipėdos įgulos aptarnavimo centro Tauragės skyriaus administruojamų patalpų ir teritorijų valymo ir priežiūros paslaugos,,,,,,
Tranzitinių traukinių stebėjimo techninės ir programinės įrangos pirkimas,,,,,,
MEDICININIAI BALDAI SKUBIOS PAGALBOS IR PRIÄ–MIMO SKYRIUI,,,,,,
DNR/RNR/baltymų išskyrimo sistemos įsigijimas vykdant projektą “Vaikų retų ligų kompetencijos centro įsteigimas LSMU ligoninėje Kauno klinikose”,,,,,,
"Žvyrkelių, esančių Vilniaus ir Alytaus apskrityse, kapitalinio remonto techninių darbo projektų parengimas, projektų vykdymo priežiūra ir darbų atlikimas",,,,,,
2018/PCSR-1-9 APLINKOSAUGINIŲ KONSULTACINIŲ PASLAUGŲ PIRKIMAS,,,,,,2021-07-16 10:00:00 UTC
Autoserviso paslaugos,,,,,,
AK - Ringerio tirpalÅ³ pirkimas,,,,,,
Techninio projekto „Šiaulių rajono Šiaulių kaimiškosios seniūnijos Vijolių kaimo Jaunystės gatvės rekonstravimo projektas“ koregavimas,,,,,,
Valstybinės reikšmės magistraliniame kelyje A21 esančio tilto per Nemuno prataką ir jo prieigų statinio ekspertizės paslaugos,,,,,,
Šifravimo įrangos viešasis pirkimas,,,,,,2018-08-28 13:00:00 UTC
Maisto produktų Šiaulių miesto centrinės dalies lopšeliams-darželiams pirkimas,,,,,,
Kompiuterinis tomografas ir rentgeno aparatai(pagal priemonę Nr. 08.1.3-CPVA-V-611 ir (pagal priemonę Nr. 08.1.3-CPVA-V-605,,,,,,
Vandens apskaitos prietaisai,,,,,,2018-08-08 09:00:00 UTC
Kelių priežiūros technikos remonto paslaugos,,,,,,
Projektini킬 pasi큰lym킬 parengimo paslaug킬 DPS,,,,,,
"Projekto ""Tarpžinybinės mokestinių duomenų saugyklos plėtra ir naudojamumo didinimas"" specifikavimo bei techninės priežiūros paslaugų pirkimas",,,,,,
"Vieningos gaminių, pakuočių ir atliekų apskaitos informacinės sistemos programinės ir techninės įrangos priežiūros ir palaikymo paslaugos",,,,,,
Kretingos rajono savivaldybės bendrojo ugdymo mokyklų mokinių maitinimo paslauga,,,,,,
"Paviršinių nuotekų valymo įrenginių statyba Klaipėdos mieste, II etapas",,,,,,2018-08-21 09:00:00 UTC
„DOCUWARE“ ARBA LYGIAVERTĖS PROGRAMINĖS ĮRANGOS LICENCIJŲ ĮSIGIJIMO BEI ŠIŲ LICENCIJŲ PALAIKYMO IR VYSTYMO PASLAUGŲ PIRKIMAS,,,,,,
Laboratoriniai tyrimai,,,,,,2018-09-11 09:00:00 UTC
Vienkartinės medicinos pagalbos priemonės (8 pirkimo dalys,,,,,,2018-08-03 09:00:00 UTC
"MEDICINOS ĮRANGOS PIRKIMAS (II ETAPAS, VYKDANT IŠ ES STRUKTŪRINIŲ FONDŲ LĖŠŲ BENDRAI FINANSUOJAMĄ PROJEKTĄ, NR. 14659",,,,,,
Medicininių priemonių pirkimas 2,,,,,,2018-08-24 10:00:00 UTC
"Rutuliniai, kamštiniai/pleištiniai čiaupai",,,,,,
Automobilinių degalų talpyklose pirkimas,,,,,,
Ambulatorinio diagnostinio centro statybos ir poliklinikos korpuso rekonstravimo darbai,,,,,,2018-08-20 09:00:00 UTC
MARÅ RUTIZATORIAI,,,,,,
Ekspertų paslaugos šokio vykdomų studijų programų išoriniam vertinimui,,,,,,
Ugniasienės licencijų atnaujinimo su lydinčiomis diegimos paslaugomis pirkimas,,,,,,2018-08-06 09:00:00 UTC
Trakų istorinio nacionalinio parko lankytojų centro ekspozicijos sukūrimo ir įrengimo paslaugos,,,,,,2018-07-23 09:00:00 UTC
Projektinių paraiškų anglų kalba rengimo ir su projektų įgyvendinimu susijusios paslaugos,,,,,,
Dezinfekcinių ir sterilizacijos medžiagų pirkimas,,,,,,
Lovų įsigijimas vykdant projektą “Vaikų retų ligų kompetencijos centro įsteigimas LSMU ligoninėje Kauno klinikose”,,,,,,2018-08-28 09:00:00 UTC
"Stuburo fiksatoriai, naudojami krūtininėje, juosmeninėje ir kryžmineje stuburo dalyse",,,,,,2018-08-13 08:00:00 UTC
"Medicinos įrangos pirkimas (I etapas Nr.16275, vykdant iš ES struktūrinių fondų lėšų bendrai finansuojamą projektą Nr. 08.1.3-CPVA-V-612-01-0004",,,,,,
Komunalinių atliekų tvarkymo paslaugos,,,,,,
"Biokuro ir durpių ėminių drėgmės, peleningumo, šilumingumo rodiklių nustatymas",,,,,,2018-08-06 13:00:00 UTC
Skaitmeninės mamografijos sistemos pirkimas lizingo būdu,,,,,,
Medicininės dezinfekcinės priemonės,,,,,,
Ultravioletinių spindulių šaltinis fotoferezei,,,,,,2018-08-23 13:00:00 UTC
"EndoskopinÄ— video sistema su priedais, 1 kompl.",,,,,,
"Investicinių projektų statybos darbų techninė priežiūra, II etapas",,,,,,
"2014–2021 m. EEE ir Norvegijos finansinių mechanizmų administravimo ir procesų automatizavimo informacinės sistemos kūrimo, vystymo, palaikymo ir garantinės priežiūros paslaugų pirkimas",,,,,,2018-08-20 10:00:00 UTC
"Mėgintuvėliai, kraujo rinkimo adatos ir kitos priemonės",,,,,,2018-08-28 11:00:00 UTC
"DEZINFEKCIJOS IR HIGIENOS PRIETAISŲ, DEFIBRILIATORIAUS, ODONTOLOGINIO KRĖSLO PIRKIMAS",,,,,,
AK - PriemoniÅ³ sterilizacijai pirkimas,,,,,,
Jonavos r. sureguliuoto Petrašiūnės (Petrašiūnkos upelio ir dalies melioracijos griovių – intakų remonto projektavimas,,,,,,
"Šilutės pl. atkarpos nuo Paryžiaus Komunos g. iki geležinkelio pervažos, įskaitant Kauno g. ir Šilutės pl. sankryžą, rekonstravimo techninis darbo projektas ir projekto vykdymo priežiūra",,,,,,
KOMUNALINIŲ ATLIEKŲ SRAUTE SUSIDARANČIŲ PAKUOČIŲ BEI POPIERIAUS ATLIEKŲ RŪŠIUOJAMOJO SURINKIMO KLAIPĖDOS RAJONO SAVIVALDYBĖS TERITORIJOJE IR JŲ VEŽIMO PASLAUGOS PIRKIMAS,,,,,,2018-07-17 09:00:00 UTC
Įranga reprodukcinės medicinos centrui,,,,,,
Rotušės pastato pritaikymo muziejinei funkcijai projektavimo ir projekto vykdymo priežiūros paslaugų pirkimas,,,,,,2018-09-05 13:00:00 UTC
LIGONIŲ (DIETINIO MAITINIMO PASLAUGŲ PIRKIMAS,,,,,,
Reklamos socialiniuose tinkluose ir interneto portaluose Ä¯gyvendinimas,,,,,,
Reagentai skirti hemoglobino koncentracijai nustatyti iÅ¡ kapiliarinio kraujo,,,,,,
Nešiojamų termovizorių įsigijimas,,,,,,
Reagentai ir papildomos priemonės mikrobiologiniams tyrimams(kartu su analizatoriaus panauda ir technine priežiūra,,,,,,
MEDIENOS RUOŠOS IR MIŠKŲ ŪKIO PASLAUGŲ 2018 METAMS PIRKIMAS,,,,,,
"VU patalpų valymo ir teritorijos tvarkymo Vilniuje paslaugų pirkimas VU9608, VU9607, VU9550",,,,,,2018-08-17 09:15:00 UTC
Grupinių supervizijų vykdymo ir organizavimo paslaugos,,,,,,
Endoskopų plovimo mašina,,,,,,
Pienas ir pieno produktai,,,,,,2018-08-08 09:00:00 UTC
Ligoninėje turimų Stryker Core instrumentų remonto paslauga,,,,,,
"Klubo, kelio ir kitų sąnarių endoprotezų komponentai bei papildomos jų priemonės (dalys revizinėms operacijoms atlikti",,,,,,
Reagentai ir eksploatacinės medžiagos imunohematologiniam donoro ištyrimui kartu su įrangos įsigijimu panaudos būdu.,,,,,,
HemodializÄ—s aparatas,,,,,,
Pažintinių turų po Lietuvą turizmo specialistams iš Rusijos ir Baltarusijos organizavimo paslaugos,,,,,,
PAKUOČIŲ ATLIEKŲ SURINKIMO KONTEINERIŲ INDIVIDUALIOMS GYVENAMŲJŲ NAMŲ VALDOMS PIRKIMAS,,,,,,
",,SPAUSTUVĖS PREKĖS (PAGAL UŽSAKYMĄ PAGAMINTI SPAUDINIAI“",,,,,,2018-07-25 09:00:00 UTC
Apskaitos prietaisų rodmenų nuotolinio nuskaitymo ir perdavimo sistemos priežiūros ir įrengimo paslaugos (pakartotinai,,,,,,
Aortos protezų pirkimas,,,,,,
"Vaikų l-d pastato statybos Žemynos g. 2C, Vilniuje, techninio projekto parengimo, statinio projekto vykdymo priežiūros ir statybą leidžiančio dokumento gavimo paslaugos",,,,,,
Neradioaktyvieji reagentai ir molibdeno/technecio 99/Mo/99mTC generatorius 15GBq,,,,,,
Laboratorinės precizinės įrangos GMO tyrimams pirkimas,,,,,,2018-09-03 09:00:00 UTC
Informacinių sistemų MIGRIS ir eMIGRIS sukūrimo ir diegimo paslaugos (MD-D3-56,,,,,,2018-08-21 13:00:00 UTC
Rubrikų informacinėse laidose rengimo ir transliavimo nacionalinėse radijo programose paslaugos,,,,,,
Gelžbetoninių pabėgių pirkimas,,,,,,2018-08-10 10:00:00 UTC
MiÅ¡ko mokslo darbo atlikimo paslaugos,,,,,,
DegalÅ³ pirkimas,,,,,,
Ratinio frontalinio krautuvo su papildomais priedais pirkimas lizingo bÅ«du,,,,,,
TAIKINIŲ SISTEMOS (RADIJO BANGOMIS VALDOMŲ TAIKINIŲ KĖLIKLIAI IR JŲ PRIEDAI,,,,,,2018-08-16 09:00:00 UTC
"Integruota personalo valdymo, darbo laiko ir darbo užmokesčio apskaitos informacinė sistema",,,,,,
Sausieji maisto daviniai,,,,,,
Priemonių Embriologijos laboratorijai pirkimas Nr. 15968,,,,,,
MOKSLINĖS - LABORATORINĖS ĮRANGOS PIRKIMAS,,,,,,2018-08-20 10:00:00 UTC
"Skvero Bokštų gatvėje, Klaipėdoje, sutvarkymo techninio projekto korektūros ir jos vykdymo priežiūros paslaugos",,,,,,
(2017-ESO-1734 Gamtinės dujos,,,,,,
Keleivių ir mokinių vežimo paslaugos vietinio susisiekimo maršrutais,,,,,,
Imunocheminių tyrimų atlikimui reikalingų laboratorinių reagentų ir eksploatacinių medžiagų pirkimas su įrangos įsigijimu panaudai,,,,,,
Spausdinimo Ä¯rengimai,,,,,,
"Videochirurgijos įranga, intraoperacinė/laparoskopinė fluorescencinė sistema ir laparoskopinė dujų slėgio palaikymo sistema (pagal priemonę Nr. 08.1.3-CPVA-V-611",,,,,,
Tarnybinių kelionių organizavimo paslaugų pirkimas,,,,,,
NAXOS MUSIC LIBRARY DUOMENŲ BAZĖS PASLAUGŲ PIRKIMAS,,,,,,
Kauno įgulos aptarnavimo centro Marijampolės skyriaus administruojamų patalpų ir teritorijų valymo bei priežiūros paslaugos,,,,,,
GamtinÄ—s dujos,,,,,,
"Informacinės sistemos, skirtos viešųjų interneto tinklų atvaizdavimui, stebėsenai ir analizei, sukūrimas, įdiegimas ir testavimas",,,,,,
"UAB „Litesko“ filialų Elektrotechninių, automatikos, priešgaisrinių, apsaugos, ryšių sistemų techninės priežiūros ir remonto paslaugų pirkimas",,,,,,
Spausdinimo Ä¯renginiai,,,,,,
Perteklinio vandens pašalinimo paslaugos Klaipėdos rajono polderinėse sausinimo sistemose,,,,,,
Ekspertų paslaugos Socialinio darbo su vaikais ir jaunimu vykdomų studijų programų išoriniam vertinimui,,,,,,
Poliklinikos medicinos informacinės sistemos (PMIS nuomos paslaugų pirkimas,,,,,,2018-08-24 10:00:00 UTC
"Reagentai ir pagalbinės priemonės bei prietaisai, įsigyjami panaudos būdu Nr. 14503",,,,,,
Kelionių organizavimo paslaugų pirkimas,,,,,,
Gaisrų gesinimo automobiliai Alytaus APGV ir Marijampolės APGV,,,,,,
U탑sienio kalbos (angl킬 mokym킬 paslaug킬 pirkimas,,,,,,2018-08-09 09:00:00 UTC
Elektros energijos užsakymai per CPO LT elektroninį katalogą,,,,,,2022-06-13 17:00:00 UTC
Naftos produktÅ³ kaupimo ir tvarkymo paslaugos,,,,,,
"MUZIEJAUS PASTATŲ 2B1P, 3B1P, 7B1P, SAUGYKLOS PASTATO 9B1P IR RATINĖS REKONSTRAVIMO (RESTAURAVIMO, GARAŽO IR KIEMO RŪSIO GRIOVIMO PROJEKTO DALIES „ARKLIDĖS"" KOREKCIJA",,,,,,
Daugiakamerinės instrumentų plovimo-dezinfekavimo mašinos ir centrinės cheminių priemonių sistemos Infekcijų kontrolės skyriui pirkimas Nr. 16435,,,,,,
"Baltijos pr., Šilutės pl. (įskaitant ruožą į Dubysos g. įvažiavimą ir Vilniaus pl. žiedinės sankryžos Klaipėdos m. rekonstravimo techninio projekto parengimas ir projekto vykdymo priežiūra",,,,,,
"Medicinos įrangos techninės priežiūros, techninės būklės tikrinimo, metrologinės patikros,kokybės kontrolės,darbo vietų stebėsenos ir remonto paslaugos",,,,,,
Gaisrų gesinimo automobiliai Utenos APGV ir Mažeikių OPGV,,,,,,
"Laikino modulinio pastato – ikimokyklinio korpuso prie vaikų darželio – lopšelio „Svajonėlė“ – Klevų alėja 28A, Lentvaris, Trakų r. sav., įrengimo ir nuomos paslaugos",,,,,,2018-08-08 09:00:00 UTC
"Kultūros paveldo fondo finansinės priemonės „Paskolos kultūros paveldui aktualizuoti, finansuojamos iš Europos regioninės plėtros fondo“ valdytojo paslaugų pirkimas",,,,,,2018-07-19 09:00:00 UTC
Šeiverio antgalių ir geležčių pirkimas,,,,,,
Brailio rašto spausdintuvų viešasis pirkimas,,,,,,
Vaizdo gastroskopas,,,,,,
Reagent킬 ir pagalbini킬 priemoni킬 mikobakterij킬 kultivavimui ir jautrumui antimikobakteriniams vaistams nustatyti pirkimas Nr. 15646,,,,,,
Å tabo konteinerio pirkimas,,,,,,
"ŽVYRKELIŲ, ESANČIŲ ŠIAULIŲ IR KAUNO APSKRITYSE, KAPITALINIO REMONTO TECHNINIŲ DARBO PROJEKTŲ PARENGIMAS, PROJEKTŲ VYKDYMO PRIEŽIŪRA",,,,,,2018-08-06 13:00:00 UTC
MAISTO PRODUKTÅ² PIRKIMAS,,,,,,
ACCESSENGINEERING DUOMENŲ BAZĖS PRENUMERATOS PASLAUGŲ PIRKIMAS,,,,,,
"Kraujo komponentų ir preparatų, antikūnų identifikavimo ir kraujo parinkimo paslaugų pirkimas",,,,,,
Medicinos pagalbos priemonÄ—s,,,,,,
Dezinfekcijos priemonių pirkimas,,,,,,2018-08-27 10:00:00 UTC
Oficialiosios statistikos portalo ir mobiliųjų aplikacijų priežiūros ir optimizavimo paslaugos,,,,,,2018-08-06 10:00:00 UTC
"Medicinos įrangos technininės priežiūros,techninės būklės tikrinimo,metrologinės patikros,kokybės kontrolės, darbo vietų stebėsenos ir remonto paslaugos -2",,,,,,
Administracinės ir kitos reguliavimo naštos savivaldybėse vertinimo atlikimo ir reguliavimo naštos ūkio subjektams mažinimo bei kitų susijusių paslaugų pirkimas,,,,,,
"Investicijų planų ir energinio naudingumo sertifikatų rengimo paslaugų viešasis pirkimas, taikant dinaminę pirkimo sistemą",,,,,,2017-12-27 00:00:00 UTC
Priešgaisrinė įranga ir priemonės,,,,,,
Elektros energijos taupymo paslauga,,,,,,
AMUNICIJOS DIRŽŲ ĮSIGIJIMAS,,,,,,
Infuzinių pompų komplekto ir tūrinės vaistų pompos įsigijimas vykdant projektą “Vaikų retų ligų kompetencijos centro įsteigimas LSMU ligoninėje Kauno klinikose”,,,,,,
"ŽVYRKELIŲ, ESANČIŲ ŠIAULIŲ IR PANEVĖŽIO APSKRITYSE, KAPITALINIO REMONTO TECHNINIŲ DARBO PROJEKTŲ PARENGIMAS, PROJEKTŲ VYKDYMO PRIEŽIŪRA",,,,,,2018-08-07 09:00:00 UTC
AUTOBUSŲ CASTROSUA ATSARGINIŲ DALIŲ PIRKIMAS,,,,,,
2018-2019 m. reklamos planavimo ir reklamos sklaidos paslaugos reklamos priemonÄ—se,,,,,,2018-08-20 10:00:00 UTC
"Medicinos įrangos technininės priežiūros,techninės būklės tikrinimo,metrologinės patikros,kokybės kontrolės, darbo vietų stebėsenos ir remonto paslaugos -3",,,,,,
IS ESIS PRIEŽIŪRS PASLAUGS,,,,,,2018-08-02 10:00:00 UTC
Policijos uniformos trumpos žieminės striukės,,,,,,
Vienkartinių medicininių priemonių pirkimas,,,,,,
Infuzinių pompų komplekto įsigijimas vykdant projektą “Vaikų retų ligų kompetencijos centro įsteigimas LSMU ligoninėje Kauno klinikose”,,,,,,
Dekoratyvinių apšvietimo atramų pirkimas,,,,,,
Sandėlio 8F2p rekonstravimo į administracinį pastatą statybos darbai,,,,,,2018-06-25 09:00:00 UTC
"Geležinio Vilko gatvės ir Šeškinės komplekso prieigų paviršinių nuotekų kolektoriaus rekonstravimo, valymo įrenginių ir monitoringo sistemos įrengimo techninio darbo projekto parengimo paslaugos",,,,,,
Žemės sklypų kadastrinių matavimų paslaugų pirkimas,,,,,,
Medicininių priemonių pirkimas 3,,,,,,2018-08-24 10:00:00 UTC
GROVE ART ONLINE AND GROVE MUSIC ONLINE,,,,,,
Statybinių medžiagų pirkimas,,,,,,
WEB informacinių sistemų programavimo paslaugų pirkimas,,,,,,2018-08-09 10:00:00 UTC
Keleivinių automobilių veiklos nuoma,,,,,,2018-07-17 10:00:00 UTC
Medicinos technikoje naudojamos elektros lemputÄ—s,,,,,,2018-08-21 08:00:00 UTC
Karl Storz Ä¯rangos priedai,,,,,,
"Medicinos įrangos technininės priežiūros,techninės būklės tikrinimo,metrologinės patikros,kokybės kontrolės, darbo vietų stebėsenos ir remonto paslaugos -4",,,,,,
Klaipėdos įgulos aptarnavimo centro administruojamų patalpų ir teritorijų valymo bei priežiūros paslaugos,,,,,,
"Dezinfekcijos, higienos priežiūros priemonių pirkimas Nr. 14543",,,,,,
"Programinės įrangos, skirtos pirštų atspaudų naudojimo N.SIS ir biometrinių duomenų perdavimo C.SIS, funkcionalumo sukūrimo ir įdiegimo paslaugos (IRD-D4-4",,,,,,2018-08-07 13:00:00 UTC
vienkartinių medicininių priemonių pirkimas,,,,,,
Kontaktų centro programinės įrangos įsigijimo ir diegimo pagal parengtą veiklos procesų tobulinimo aprašymą (modelį viešasis pirkimas,,,,,,
Kolposkopai,,,,,,2018-08-24 13:00:00 UTC
"Reagentų, mikrobiologinių mitybos terpių ir laboratorinių priemonių pirkimas (AK-6/2017",,,,,,
TechninÄ— druska keliams barstyti,,,,,,2018-08-06 09:00:00 UTC
Utenos tvenkinio ant Rašės (Raudesos up. hidrotechnikos statinių kapitalinio remonto techninio darbo projekto parengimo paslaugos,,,,,,
"Medicinos įrangos technininės priežiūros,techninės būklės tikrinimo,metrologinės patikros,kokybės kontrolės, darbo vietų stebėsenos ir remonto paslaugos -5",,,,,,
Pieno produktai,,,,,,
Vienakartinių medicininių priemonių pirkimas (3 dalis,,,,,,
"PriemonÄ—s minimaliai invazyvinei chirurgijai, urologijai ir ginekologijai",,,,,,
Vežėjo (operatoriaus parinkimą viešųjų paslaugų įsipareigojimams vykdyti Lazdijų rajono savivaldybėje pirkimo atviro konkurso būdu,,,,,,2018-08-27 09:00:00 UTC
"Krovininių automobilių techninės priežiūros, gedimų diagnostikos ir remonto paslaugų pirkimas",,,,,,
"KONSERVUOTŲ DARŽOVIŲ, VAISIŲ , DŽIOVINTŲ VAISIŲ IR RIEŠUTŲ, DŽEMŲ, UOGIENIŲ IR SIRUPŲ, SULČIŲ, SAUSAINIŲ IR KITŲ KEPINIŲ, ŠVIEŽIŲ DARŽOVIŲ, CUKRAUS, ALIEJAUS IR KT. PRODUKTŲ PIRKIMAS",,,,,,
Lietuvos Respublikos teritorijos aerofotografavimo ir ortofotografinių žemėlapių kokybės kontrolės paslaugos,,,,,,
Marškinėlių trumpomis rankovėmis pirkimas,,,,,,
Operatyvios informacijos pateikimo ir valdymo modulio pirkimas,,,,,,2018-09-04 09:30:00 UTC
Slaugos Ä¯ranga,,,,,,
"Vilniaus koncertų ir sporto rūmų, esančių Rinktinės g. 1, Vilniuje, rekonstrukcijos techninio projekto parengimo ir projekto vykdymo priežiūros paslaugos",,,,,,2018-08-06 09:00:00 UTC
Dezaktyvavimo priemonių pirkimas,,,,,,
"Demisezoninių striukių, trumpų vasarinių striukių, žieminių puskombinezonių, vasarinių kombinezonų, LU demisezoninių striukių ir LU žieminių puskombinezonių pirkimas",,,,,,
"Medicinos įrangos technininės priežiūros,techninės būklės tikrinimo,metrologinės patikros,kokybės kontrolės, darbo vietų stebėsenos ir remonto paslaugos -6",,,,,,
Miškininkystės paslaugos Balandinės g-joje 2018 metams,,,,,,
Vaizd킬 archyvavimo ir perdavimo sistemos ir radiolog킬 diagnostini킬 darbo viet킬 atnaujinimas,,,,,,
Vičiūnų vandenvietės vandens gerinimo įrenginių statybos darbų pirkimas,,,,,,2018-08-24 09:00:00 UTC
ELEKTRONINIO APSIKEITIMO SOCIALINĖS APSAUGOS INFORMACIJA TARP ES VN IR LT NACIONALINIO PRIEIGOS TAŠKO (ELECTRONIC EXCHANGE OF SOCIAL SECURITY INFORMATION - EESSI APARATINĖ ĮRANGA,,,,,,
Medikamentas Sevofluranum,,,,,,
Konservuoto kraujo atvėsinimo įranga,,,,,,
Vidaus vandenÅ³ studijos parengimo paslaugos,,,,,,
"Nekilnojamiems daiktams priskirtinių žemės sklypų formavimo ir pertvarkymo projektų parengimo, žemės sklypų kadastrinių matavimų bei žemės sklypų planų, kuriuose nustatytos dalys, reikalingos sta",,,,,,
"Garso įrašymo, stenografavimo ir archyvavimo programinės įrangos priežiūros paslaugos",,,,,,
Fiksuoto ryšio paslaugų pirkimas,,,,,,
"Medicinos įrangos technininės priežiūros,techninės būklės tikrinimo,metrologinės patikros,kokybės kontrolės, darbo vietų stebėsenos ir remonto paslaugos -7",,,,,,
Automobilinių degalų pirkimas,,,,,,2018-08-03 09:00:00 UTC
Vienkartinės medicininės priemonės,,,,,,2018-08-20 09:00:00 UTC
"Projekto ""Tuberkuliozės profilaktikos, diagnstikos ir gydymo efektyvumo didinimas Kauno klinikose"" (pagal priemonę Nr. 08.3.1-CPVA-V-605 projektavimo ir projekto vykdymo priežiūros paslaugos",,,,,,
Geriamojo vandens tiekimo ir nuotekų tvarkymo įmonių valdymo tobulinimo plano rengimo paslaugos,,,,,,
"Projekto ""VšĮ Vilkaviškio ligoninės modernizavimas"" medicinos įrangos pirkimas",,,,,,
JONAVOS MIESTO PREZIDENTO GATVĖS KAPITALINIO REMONTO PROJEKTO IR JONAVOS MIESTO ŽEMAITĖS GATVĖS ATKARPOS KAPITALINIO REMONTO IR TAKO NAUJOS STATYBOS PROJEKTO VYKDYMO PRIEŽIŪRA,,,,,,
Transporto priemonių atsarginių dalių pirkimas,,,,,,
Avalynės ir diržų pareigūnams pirkimas,,,,,,2018-08-27 09:00:00 UTC
Nacionalinės duomenų mainų su kitomis ES valstybėmis narėmis aplikacijos integravimo į SPIS paslaugų pirkimas,,,,,,
"Medicinos įrangos technininės priežiūros,techninės būklės tikrinimo,metrologinės patikros,kokybės kontrolės, darbo vietų stebėsenos ir remonto paslaugos -8",,,,,,
Laparoskopinių instrumentų rinkinio ir adatkočio pirkimas,,,,,,2018-08-06 10:00:00 UTC
Petro VileiÅ¡io gimnazijos pastato Pasvalyje paprastojo remonto darbai,,,,,,2018-08-09 09:00:00 UTC
Automobilių nuomos pirkimas atviro konkurso būdu,,,,,,
Kompiuterinės įrangos nuomos Kelių tyrimo institutui pirkimas,,,,,,2018-08-29 10:00:00 UTC
Degalų iš degalinių pirkimas,,,,,,
Alyvų ir tepalų transporto priemonėms pirkimas,,,,,,
EVIS PRIEŽIŪROS IR MODIFIKAVIMO PASLAUGOS,,,,,,
"""E-2 vandens šildymo katilo PVTM - 100 Nr. 3 rekonstravimo dėl NOx mažinimo"" projektavimo paslaugų pirkimas",,,,,,2018-08-06 09:00:00 UTC
Reagentai ir papildomos priemonės kraujo tyrimams (kartu su analizatorių panauda ir technine priežiūra,,,,,,
"2018-VKJ-37 ""Lietuvos energijos"" grupės įmonių finansinių apribojimų (kovenantų apskaičiavimų peržiūra ir atitikimo nustatytiems reikalavimams patvirtinimo paslaugų pirkimas",,,,,,2018-08-07 14:00:00 UTC
AK - Medicininės įrangos (Apiplovimo įrenginio su pajungimo rinkiniu ir priekinių kryžminių raiščių plastikai skirto stalelio pirkimas,,,,,,
EDMIS MODIFIKAVIMO PASLAUGOS,,,,,,
"Centrinė gatvių apšvietimo valdymo sistema, LED šviestuvai ir jų instaliavimas pagal poreikį",,,,,,2018-09-05 10:00:00 UTC
"Medicinos įrangos technininės priežiūros,techninės būklės tikrinimo,metrologinės patikros,kokybės kontrolės, darbo vietų stebėsenos ir remonto paslaugos -9",,,,,,
"Mišrių plastikinių, popierinių, kartoninių ir metalinių pakuočių atliekų iš Kauno miesto išrūšiavimo paslaugų pirkimas",,,,,,
"Lietuvos Respublikos ūkio ministerijos priemonių, skirtų populiarinti inovacijas ir teikti inovacijų konsultacijas bei inovacijų paramos paslaugas, pažangos vertinimo paslaugų pirkimas",,,,,,
"(2018-ESO-142 Spintinių dujų slėgio reguliavimo įrenginiai, panaudojant esamą įrangą, ir dujų slėgio reguliavimo įrenginių rezervinės linijos",,,,,,2018-07-16 10:00:00 UTC
STD NAS techninės įrangos komplektų įsigijimas,,,,,,
Miško kelių taisymo (remonto visų nuosavybės formų miškuose darbai,,,,,,2018-07-31 09:00:00 UTC
"Registrų ir informacinių sistemų techninės įrangos ir sisteminės programinės įrangos (operacinių sistemų, duomenų bazių valdymo sistemų ir kt. priežiūros paslaugų pirkimas (IRD-D22-70",,,,,,2018-08-28 13:00:00 UTC
Medicinos priemonės Odontologijos paslaugų skyriui,,,,,,2018-08-14 10:00:00 UTC
"Medicinos įrangos technininės priežiūros,techninės būklės tikrinimo,metrologinės patikros,kokybės kontrolės, darbo vietų stebėsenos ir remonto paslaugos -11",,,,,,
"VšĮ Antakalnio poliklinikos, Antakalnio g. 59, Vilnius, sterilizacinės įrengimo darbai su darbo projekto parengimu",,,,,,2018-07-30 10:00:00 UTC
Skaitmeninė mamografijos sistema,,,,,,
"Druskos sandėliavimo, pakrovimo, iškrovimo paslaugų pirkimas",,,,,,
Aparatūros kūdikių ir mažų vaikų kvėpavimo funkcijai tirti įsigijimas vykdant projektą “Vaikų retų ligų kompetencijos centro įsteigimas LSMU ligoninėje Kauno klinikose”,,,,,,
"Veterinarijos g., Valstiečių g. ir Kretingos g. Klaipėdoje šaligatvių remonto darbai",,,,,,2018-08-06 13:00:00 UTC
Skaitmeninimui reikalinga techninė ir programinė įranga,,,,,,
"Šviežių sezoninių daržovių (morkų, bulvių, burokėlių ir kopūstų Šiaulių rajono savivaldybės ugdymo įstaigoms pirkimas",,,,,,2018-08-01 10:00:00 UTC
Operaciniai stalai (pagal priemonÄ™ Nr. 08.1.3-CPVA-V-611,,,,,,
Lietuvos Respublikos Seimo veiklos informacinÄ—s sistemos modernizavimo paslaugos,,,,,,
(2018-KKJ-8 Aplinkos oro užterštumo laboratoriniai matavimai/MEASUREMENT OF ENVIRONMENTAL POLLUTANTS,,,,,,
"Varėnos r. Merkinės Vinco Krėvės gimnazijos modernizacijos (atnaujinimo projekto parengimas, projekto vykdymo priežiūra ir rangos darbų atlikimas",,,,,,2018-08-08 10:00:00 UTC
Sterilizacinės priemonės ir cheminės dezinfekcijos medžiagos Nr. 17431,,,,,,2018-08-28 08:00:00 UTC
"Objekto ""Laivyno bazės pastato nauja statyba, Marių g.Klaipėda"" statybos rangos darbai",,,,,,2018-08-02 09:00:00 UTC
Dviej킬 naudot킬 nenauj킬 tarpmiestinio tipo autobus킬 pirkimas,,,,,,2018-08-10 08:00:00 UTC
VĮ Rokiškio miškų urėdijos medienos ruošos ir kitų miškų ūkio paslaugų pirkimas,,,,,,
"Medicinos įrangos technininės priežiūros,techninės būklės tikrinimo,metrologinės patikros,kokybės kontrolės, darbo vietų stebėsenos ir remonto paslaugos -10",,,,,,
Medicinos pagalbos priemonÄ—s,,,,,,
"Parodomųjų bandymų įrengimo, vykdymo, priežiūros ir bandymų rezultatų sklaidos paslaugų pirkimas",,,,,,
"Vežimėlių, specializuotų kėdžių, funkcinių lovų įsigijimas vykdant projektą ""Vaikų retų ligų kompetencijos centro įsteigimas LSMU ligoninėje Kauno klinikose”",,,,,,
"Babrungo seniūnijos, Truikių kaimo, Platelių gatvės, kuri jungiasi su valstybinės reikšmės keliu Nr. 3201 Truikiai-Prūsaliai, rekonstrukcija",,,,,,2018-08-06 10:00:00 UTC
XWDM sistemos pirkimas VU8837,,,,,,2018-08-27 10:15:00 UTC
Ekspertų konsultacinės paslaugas įgyvendinant projektą „Viešųjų investicijų efektyvumo didinimas“,,,,,,2018-08-03 10:00:00 UTC
Privalomųjų mokymų paslaugos,,,,,,2018-07-30 13:00:00 UTC
Statybinių gaminių techninių savybių nustatymo komplektas ir apmokymai dirbti su nauja įranga,,,,,,
Didžiųjų ir mišrių statybinių atliekų tvarkymo paslaugų pirkimas,,,,,,
Miesto želdinių ir želdynų priežiūros ir tvarkymo paslaugų pirkimas,,,,,,
"Medicinos įrangos technininės priežiūros,techninės būklės tikrinimo,metrologinės patikros,kokybės kontrolės, darbo vietų stebėsenos ir remonto paslaugos -12",,,,,,
Pusiau požeminių konteinerių įsigijimas ir konteinerių aikštelių su konteineriais įrengimas Klaipėdos rajone,,,,,,2018-07-20 08:00:00 UTC
Lektorių paslaugų pirkimas,,,,,,2018-08-02 09:00:00 UTC
Degalai automobiliams (benzinas A95 ir dyzelinas Nr. 16351,,,,,,
Renginių organizavimo paslaugos,,,,,,2018-08-03 09:00:00 UTC
"Mokslo paskirties pastato, adresu Gedminų g. 5, Klaipėda, paprastojo remonto aprašo parengimas ir paprastojo remonto darbai",,,,,,2018-08-01 14:00:00 UTC
"Radijo reklamų gamybos ir skelbimo, viešinant kvitų loteriją, paslaugų viešasis pirkimas",,,,,,
Žuvų įveisimo valstybiniuose vandens telkiniuose paslaugų viešasis pirkimas,,,,,,
Studijų praktikų organizavimui reikalingų įrankių atnaujinimo ir diegimo paslaugų pirkimas,,,,,,2018-08-02 09:00:00 UTC
Techninio darbo projekto ir projekto vykdymo priežiūros paslaugų pirkimas,,,,,,
Pažangaus teismų išteklių valdymo modelio parengimo paslaugų pirkimas,,,,,,2018-08-06 10:00:00 UTC
Reagentų ir pagalbinių priemonių pirkimas kartu su hematologinio analizatoriaus įsigijimu panaudos būdu VULSK NR. 17100,,,,,,2018-07-18 08:00:00 UTC
"Medicinos įrangos technininės priežiūros,techninės būklės tikrinimo,metrologinės patikros,kokybės kontrolės, darbo vietų stebėsenos ir remonto paslaugos -13",,,,,,
Sulankstomos lovos,,,,,,2018-08-09 09:00:00 UTC
"PCSP-6-7. Patalp킬 valymo, teritorijos prie탑i큰ros ir riedmen킬 vidaus valymo paslaugos",,,,,,2018-08-20 10:00:00 UTC
Kompiuterizuoto audito informacinės sistemos vystymo paslaugų viešasis pirkimas,,,,,,
Kraujo ir kraujo komponentÅ³,,,,,,
Vandens telkinių įžuvinimo 2018-2020 metais plėšriosiomis bei fitoplanktonu mintančiomis žuvų rūšimis paslaugos,,,,,,
Development of common platform (Data hub for storage and exchange of energy consumption data market consultation,,,,,,
Vienkartinės medicininės priemonės (1 dalis,,,,,,
Ligoninėje turimo linijinio greitintuvo Varian Medical Systems UNIQUE techninės priežiūros paslauga,,,,,,
VĮ Klaipėdos valstybinio jūrų uosto direkcijos turto ir bendrosios civilines atsakomybės draudimas,,,,,,
PjautinÄ— mediena,,,,,,2018-08-02 10:00:00 UTC
Endourologinė įranga,,,,,,
Padangų restauravimo paslaugų pirkimas,,,,,,
Elektroninės mokslo duomenų bazės Oxford Medicine Online viešasis pirkimas,,,,,,
Pirkimo objektas – edukacinių programų gyvendinimo vaikų ne vasaros stovyklose paslaugos,,,,,,2018-08-13 09:00:00 UTC
INVEGOS fondo įgyvendinamos finansų inžinerijos priemonės „Portfelinės garantijos faktoringo sandoriams“ finansų tarpininkų paslaugos,,,,,,
SUSKYSTINTOS GAMTINÄ–S DUJOS/ LIQUEFIED NATURAL GAS,,,,,,
PriemonÄ—s intervencinei kardiologijai II,,,,,,
"Reagentai ir papildomos priemonės, skirtos darbui su kraujo kultivavimo sistema (kartu su analizatorių panauda ir technine priežiūra",,,,,,
Sieninės palatinės konsolės,,,,,,
"Vietinės reikšmės kelių (gatvių tiesimas, rekonstravimas, remontas (Biržulio g., Pavandenės mstl., Varnių sen., Telšių r. sav. kelio dangos paprastasis remontas",,,,,,2018-08-01 14:00:00 UTC
Asfalto miÅ¡iniai,,,,,,
Hidraulinės funkcinės lovos,,,,,,2018-08-20 09:00:00 UTC
FasadÅ³ tvarkybos darbai,,,,,,2018-07-31 10:00:00 UTC
"Švirkštai, kateteriai ir panašios priemonės (I",,,,,,
"Reagentų ir pagalbinių priemonių Elise, radioimuniniams ir gliukozės tyrimams atlikti pirkimas bei prietaisų įsigijimas panaudos būdu Nr. 17104",,,,,,2018-07-20 10:00:00 UTC
Reagentai ir laboratorinės priemonės klinikinės chemijos tyrimų atlikimui kartu su įrangos įsigijimu panaudos būdu,,,,,,
Tirpalų ir gelio paklotų šildymo spinta,,,,,,
Biržų technologijų ir verslo mokymo centro mokomųjų dirbtuvių stogo remonto darbų pirkymas,,,,,,2018-08-03 10:00:00 UTC
Maišyklių ir kitų įrengimų atsarginių dalių pirkimas,,,,,,2018-08-17 09:00:00 UTC
Medienos ruošos ir miškininkystės paslaugų pirkimas,,,,,,
Akmenės rajono Ventos gimnazijos ikimokyklinio ugdymo skyriaus „Berželis“ tvoros statybos darbų pirkimas,,,,,,2018-08-03 10:00:00 UTC
"Diagnostikos reagent킬, laboratorini킬 priemoni킬 ir serum킬 pirkimas (3",,,,,,
DNR analizatorius,,,,,,
GMP BRIGADŲ VALDYMO PROGRAMINĖS ĮRANGOS NUOMA,,,,,,
Centrifugų remontinių dalių pirkimas,,,,,,2018-08-17 09:00:00 UTC
Reagentų ir smulkios laboratorinės įrangos bei priemonių pirkimas,,,,,,
"(2018-ESO-806 NV Skirstomojo vidutinio slėgio dujotiekio iki sklypų Ąžuolų g., Kaštonų g. ir kt. gatvėse, Mokolų k., Marijampolės r. projektavimo paslaugos ir statybos darbai",,,,,,2018-08-06 10:00:00 UTC
VaistÅ³ pirkimas,,,,,,
Vaizdo perdavimo sistemos priežiūros paslaugų pirkimas,,,,,,2018-08-14 15:00:00 UTC
"Medicininė įranga skirta pagalbai teikti pacientams, patyrusiems sunkią- komplikuotą galvos traumą (pagal priemonę Nr. 08.1.3-CPVA-V-611",,,,,,
Priežiūros ir remonto paslaugos,,,,,,
"Diagnostikos reagent킬, laboratorini킬 priemoni킬 ir serum킬 pirkimas (7",,,,,,
"(2018-ESO-812 NV Skirstomojo vidutinio slėgio dujotiekio iki sklypų D. Poškos g., Daržų g., Tiesos g. Tauragė projektavimo paslaugos ir statybos darbai",,,,,,2018-08-06 10:00:00 UTC
Integruotos baudžiamojo proceso informacinės sistemos (IBPS pritaikymo didelės apimties rinkmenoms saugoti ir tvarkyti paslaugų pirkimas Nr. IRD-D17-59,,,,,,2018-08-21 13:00:00 UTC
"Projekto ,,Skuodo miesto šilumos tiekimo tinklų modernizavimas"" projektavimo ir rekonstravimo darbai",,,,,,2018-08-10 10:00:00 UTC
"Antpe훾i킬, mov킬 ir antsiuv킬 pirkimas",,,,,,
IŠCENTRINIŲ IR AŠINIŲ SIURBLIŲ ATSARGINIŲ DALIŲ PIRKIMAS,,,,,,
"Gamtinių dujų, suspaustų iki 220BAR slėgio, pirkimas",,,,,,
Renginių organizavimo paslaugų pirkimas,,,,,,
Slenkančių – sukamų durų įrengimo VšĮ Antakalnio poliklinikoje darbų pirkimas,,,,,,2018-07-31 10:00:00 UTC
Kavos aparat킬 nuomos ir aptarnavimo paslaug킬 bei kavos ir kit킬 preki킬 pirkimas,,,,,,2018-08-14 12:00:00 UTC
Laboratorinių šaldytuvų ir šaldiklių bei centrifugų įsigijimas vykdant projektą “Vaikų retų ligų kompetencijos centro įsteigimas LSMU ligoninėje Kauno klinikose”,,,,,,
Krovininiai mikroautobusai su šildymo/šaldymo įranga perkami lizingo būdu,,,,,,2018-07-25 10:00:00 UTC
Reagentai bei papildomos priemonės biocheminiams tyrimams II (kartu su analizatorių panauda ir technine priežiūra,,,,,,
Ramybės daugiabučuų gyvenamųjų namų kvartalo Anykščiuose detaliojo plano parengimo paslaugos,,,,,,
Instrumentai artroskopijai,,,,,,
Rezervinio duomenų centro techninės infrastruktūros viešasis pirkimas,,,,,,
(2018-LEG-136 Priešgaisrinės įrangos pirkimas,,,,,,2018-07-31 14:00:00 UTC
Elektrinė viryklė,,,,,,
Reagentai imunogramos atlikimui bei pagalbinės darbo priemonės Imunologijos ir alergologijos klinikai,,,,,,2018-08-17 10:00:00 UTC
Medinių ir kietmedžio pabėgių pirkimas,,,,,,2018-08-08 09:00:00 UTC
Inžinerinių sistemų ir inžinerinių tinklų priežiūros paslaugos (Klaipėdos įgulos aptarnavimo centras,,,,,,
Nacionalinės Šengeno informacinės sistemos (N.SIS techninės priežiūros ir remonto paslaugų pirkimas (IRD-D13-52,,,,,,
Kavos aparatų nuomos paslaugų ir kavos pupelių pirkimas,,,,,,2018-08-01 09:00:00 UTC
Kvalifikuot킬 elektronini킬 laiko 탑ym킬 teikimo paslaugos (IRD-D15-56,,,,,,
METALINIŲ DOKUMENTŲ SPINTŲ PIRKIMAS,,,,,,2018-07-31 10:15:00 UTC
Laboratorinių priemonių pirkimas (AK-7/2017,,,,,,
Antžeminių konteinerių pirkimas,,,,,,
(2018-LEG-208 Dujų sistemos žvakių ventiliai,,,,,,2018-08-01 10:00:00 UTC
Cheminių reagentų dumblo apdorojimo įrenginiams pirkimas,,,,,,
Dokumentų valdymo sistemos „AVILYS“ palaikymo ir vystymo paslaugos,,,,,,
Padangos,,,,,,2018-08-03 10:00:00 UTC
Trombocitų agregacijos tyrimus atliekančio analizatoriaus nuoma,,,,,,2018-08-17 09:00:00 UTC
DEPŲ TARNYBOS SANDĖLIŲ DEPO KURO BAZĖS APSAUGOS PASLAUGOS (PANEVĖŽYS,,,,,,
Artroskopiniai implantai,,,,,,
Naujos šiukšliavežės pirkimas,,,,,,
"Inžinerines infrastrukturos irengimo, Ažuolines k., Geliu g. 49 ir 51, darbu pirkimas",,,,,,2018-08-01 10:00:00 UTC
Transporto priemonių greičio matavimo mobilios įrangos ir integravimo į administracinių nusižengimų registrą programinės įrangos pirkimas,,,,,,2018-07-16 09:00:00 UTC
Projektavimo paslaugų užsakymai per CPO LT elektroninį katalogą 2018,,,,,,2018-08-17 10:00:00 UTC
Centro valymo paslaugÅ³ pirkimas,,,,,,2018-08-02 09:00:00 UTC
"Ikimokyklinio ir priešmokyklinio, bendrojo bei neformalaus ugdymo informacinės sistemos priežiūros ir modernizavimo pirkimas",,,,,,
Apklausų atlikimo paslaugų viešasis pirkimas,,,,,,
Instrumentų rinkinys menisko šaknies rekonstrukcijai,,,,,,
Vidaus durÅ³ su montavimo darbais pirkimas,,,,,,2018-08-02 10:00:00 UTC
"Darbo kostiumų, apsaugančių nuo elektros lanko, kepurių, gerai matomų signalinių liemenių, gerai matomų drabužių nuo lietaus pirkimas",,,,,,2018-08-07 09:00:00 UTC
"(2018-ESO-872 NV vidutinio slėgio skirstomojo dujotiekio iki sklypų Aguonų g., Alyvų g. ir kt. gatvėse, Toliočių k., Šiaulių r. sav. projektavimo paslaugos ir statybos darbai",,,,,,2018-08-07 10:00:00 UTC
Vienkartinės medicininės priemonės,,,,,,
"Buvusios naftos bazės teritorijos Šalčininkų r. sav. Turgelių sen., Tabariškių k., sutvarkymas",,,,,,
MEDIENOS RUOŠOS IR MIŠKŲ ŪKIO PASLAUGŲ 2018 METAMS PIRKIMO ATVIRAS KONKURSAS,,,,,,
Daugiafunkcinių įrenginių viešasis pirkimas,,,,,,
Projektavimo paslaugų užsakymai per CPO LT elektroninį katalogą,,,,,,2022-06-05 12:00:00 UTC
Reprezentaciniai (proginiai Å¾enkliukai,,,,,,2018-08-01 08:15:00 UTC
Dirbtinės plaučių ventiliacijos aparatas,,,,,,
"Lankytojų aptarnavimo ir knygų fondo apsaugos sistemos įrengimas Motiejaus Valančiaus viešojoje bibliotekoje J.K.Chodkevičiaus g. 1B, Kretingos m.",,,,,,2018-08-06 09:00:00 UTC
"ŠALČININKŲ R. SAV., TURGELIŲ SEN., TABARIŠKIŲ K., NAFTOS PRODUKTAIS UŽTERŠTOS TERITORIJOS SUTVARKYMO TECHNINĖS PRIEŽIŪROS PASLAUGŲ PIRKIMAS",,,,,,
Šiaulių miesto ekonominės plėtros ir investicijų pritraukimo strategijos parengimo ir konsultavimo paslaugos,,,,,,
Degalų degalinėse užsakymai per CPO LT elektroninį katalogą,,,,,,2018-08-20 10:00:00 UTC
VANDENTIEKIO TINKLŲ ĮRENGIMO DARBAI ŠIAULIŲ RAJONO KUŽIŲ MIESTELIO KAPINĖSE,,,,,,2018-08-07 10:00:00 UTC
"Specializuotos gama kameros, laparoskopinės minimaliai invazinės chirurgijos įrenginio su mikrocirkuliacijos patikros sistema, videogastroskopo ir videokolonoskopo su NBI funkcija pirkimas",,,,,,
Komunalinių atliekų perkrovimo stočių operatoriaus paslaugų pirkimas,,,,,,
NAUDOTI M3 KLASÄ–S AUTOBUSAI,,,,,,2018-08-08 10:00:00 UTC
Duomenų saugyklos BULL VNX7500 palaikymo pratęsimas,,,,,,
"Internetinės nuorodos/reklaminio bloko gamybos ir skelbimo, viešinant kvitų loteriją paslaugų viešasis pirkimas",,,,,,
Vyšnių sodo sutvarkymo darbų pirkimas,,,,,,2018-08-03 10:00:00 UTC
Medicinos Ä¯rangos pirkimas (I etapas Nr. 17231,,,,,,2018-08-17 10:00:00 UTC
Vakcinos pirkimas,,,,,,
Superkamo pieno ir šio pieno mėginių tapatumo kontrolės paslaugų pirkimas,,,,,,
"Žvyrkelių, esančių Tauragės ir Marijampolės apskrityse, kapitalinio remonto techninių darbo projektų parengimas, projektų vykdymo priežiūra ir darbų atlikimas",,,,,,
"Baravykų g. 1B, Druskininkai, atnaujinimo (modernizavimo rangos darbų atlikimo",,,,,,2018-08-03 14:00:00 UTC
Microsoft arba lygiavertės programinės įrangos licencijų nuomos pirkimas,,,,,,
Medžiagos ir priemonės hemodializei,,,,,,2018-08-06 09:00:00 UTC
ADOLFO RAMANAUSKO KOVINIO RENGIMO CENTRO PASTATO 16C1P RYŠIŲ IR INŽINERINIŲ TINKLŲ REMONTAS,,,,,,2018-08-21 10:00:00 UTC
Medicininės pirštinės,,,,,,
Avalynės įsigijimas,,,,,,
Terpių ir jų priedų Embriologijos laboratorijai pirkimas Nr. 15967,,,,,,
Dezinfekcininės medžiagos,,,,,,
AB „KLAIPĖDOS ENERGIJA“ RAJONINĖS KATILINĖS GELŽBETONINIO KAMINO (H-100M IŠORINIO PAVIRŠIAUS IR DŪMŲ KANALO FUTERUOTĖS REMONTO DARBAI,,,,,,2018-07-31 12:00:00 UTC
C lanko rentgeno sistemos pirkimas,,,,,,
Farmacijos produktų-kompensuojamų vaistų pirkimas,,,,,,2018-08-03 14:00:00 UTC
Integruotos mokesčių informacinės sistemos (IMIS plėtros paslaugų viešasis pirkimas,,,,,,
Vaistai ir kiti farmacijos produktai,,,,,,
KamerÅ³ sistemos sraigtasparniams EC120 modernizavimo pirkimas,,,,,,2018-09-13 09:00:00 UTC
Medienos ruošos paslaugų pirkimas 2018 metams Kėdainių regioniniame padalinyje Josvainių girininkijoje,,,,,,2018-08-03 10:00:00 UTC
"Vaikų lopšelio-darželio Rasos g. 2B, Ginkūnų k., Šiaulių r. techninio projekto koregavimo ir statinio projekto vykdymo priežiūros paslaugos",,,,,,
Ultragarsiniai prietaisai Å¡unims atbaidyti,,,,,,2018-08-03 09:00:00 UTC
Ugniagesių kovinė apranga,,,,,,
Viešųjų ryšių paslaugos,,,,,,
"Matavimo priemonių metrologinė patikra, techninė patikra ir kalibravimas",,,,,,2018-07-23 13:00:00 UTC
2 Medicinos prietaisų techninė priežiūra (Nr. 57-2725,,,,,,
UAB „Litesko“ Bendrosios civilinės atsakomybės draudimas,,,,,,
Medienos ruošos paslaugų pirkimas 2018 metams Kėdainių regioniniame padalinyje Ąžuoloto girininkijoje,,,,,,2018-08-03 11:00:00 UTC
Konsultacinių paslaugų pirkimas,,,,,,
"Mokslo paskirties pastato, Saulės g. 2, Elektrėnai, paprastojo remonto darbų, numatytų paprastojo remonto apraše Nr. AT-17A-1217-XX-A, pirkimas",,,,,,2018-08-02 10:00:00 UTC
Vaistai ir kiti farmacijos produktai,,,,,,
Transporto priemonių Kasko draudimo paslaugų pirkimas,,,,,,
Vienkartinės medicininės priemonės,,,,,,
Akustinių sienų sprendinių pirkimas,,,,,,2018-08-03 10:00:00 UTC
Elektrochirurginis generatorius ir priedai,,,,,,
Iešminės (GOST produkcijos pirkimas 2018/PCSP-10.5,,,,,,2018-08-08 09:00:00 UTC
Medienos ruošos paslaugų pirkimas 2018 metams Kėdainių regioniniame padalinyje Dotnuvos girininkijoje,,,,,,2018-08-03 09:00:00 UTC
Nacionalinės elektroninio tapatumo sistemos (NETAIS modernizavimo paslaugos,,,,,,
Švietimo valdymo informacinės sistemos (ŠVIS atnaujinimas,,,,,,
Šiaulių kultūros centro pastato techninio darbo projekto neesminių sprendinių keitimo paslaugos pirkimas,,,,,,
"GMP RADIJO POKALBIŲ VALDYMO PROGRAMINĖS ĮRANGOS, SKAITMENINIO RADIJO RYŠIO INFRAKSTRUKTŪROS NUOMA, AUTOMOBILIŲ PROGRAMINĖS ĮRANGOS PALAIKYMO IR SKAITMENINĖS NEŠIOJAMOSIOS RADIJO STOTYS",,,,,,
Kulių gimnazijos VI korpuso I aukšto dalies patalpų paprastojo remonto darbai,,,,,,2018-08-06 10:30:00 UTC
Įvykių vietos apžiūros rinkiniai,,,,,,
"Socialinio busto (buto paprastojo remonto darbu, pritaikant buta asmeniui su judejimo negalia, pirkimas",,,,,,2018-08-03 10:00:00 UTC
Bėgių kelio izoliuojančiųjų (amortizuojančiųjų detalių pirkimas,,,,,,2018-08-08 09:00:00 UTC
StraipsniÅ³ parengimo ir publikavimo / paskelbimo paslaugos,,,,,,
Vienkartiniai sukamieji odontologiniai instrumentai,,,,,,
"Kultūros namų pastato (1C3p rekonstravimo, Klaipėdos g. 15/Kastyčio g. 1 Gargždų m., techninio projekto statybą leidžiančio dokumento gavimas ir projekto vykdymo priežiūra",,,,,,
"Vejų įrengimo, atkūrimo ir priežiūros Kauno mieste paslaugų pirkimas",,,,,,
Kompiuterinės ir balso perdavimo įrangos remonto ir priežiūros paslaugos,,,,,,
Perkančiosios organizacijos turimos verslo valdymo sistemos “Microsoft Dynamics AX“ versijų palaikymo paslaugos pirkimas,,,,,,2018-08-09 09:00:00 UTC
Statybos ir remonto darbų Vidaus reikalų sistemos įstaigoms centralizuotas pirkimas (D1-36,,,,,,
Gatvių apšvietimo valdymo ir kontrolės sistemos diegimas su MP elektros skydų įranga,,,,,,2018-06-15 09:00:00 UTC
Apžiūros šviestuvas tvirtinamas prie lubų,,,,,,
"Gargždų miesto centrinės dalies skvero,esančio tarp Klaipėdos g. ir komercinių pastatų Klaipėdos g. bei gėlių turgelio teritorijos sutvarkymo supaprastinto statybos projekojekto vykdymo priežiūra",,,,,,
Šėtos miestelio vandentiekio ir nuotekų tinklų plėtra,,,,,,2018-08-06 10:00:00 UTC
Batų tipo kojų fiksavimo laikiklis,,,,,,
"Personalo valdymo informacinės sistemos priežiūros, palaikymo, vystymo, konsultavimo ir naudotojų apmokymo paslaugų viešasis pirkimas",,,,,,
Socialinės priežiūros (pagalbos į namus senyvo amžiaus asmenims ir suaugusiems asmenims su negalia jų namuose paslaugų pirkimas,,,,,,
Å vietimo ir mokymo paslaugos,,,,,,2018-08-06 14:00:00 UTC
"Vidaus kelių (gatvės su žvyro danga, lietaus nuotekų tinklų įrengimo 176 gyvenamųjų namų kvartalui Gargždų m., projekto vykdymo priežiūros paslaugos",,,,,,
GranitinÄ—s skaldos pirkimas,,,,,,
Vaizdo kolonoskopas,,,,,,
Medicininės įrangos dalys bei serviso paslaugos,,,,,,
KU pastatų ir įrengimų draudimas,,,,,,2018-08-01 13:00:00 UTC
Centrinės sterilizacinės įrangos įsigijimas,,,,,,2018-08-21 10:00:00 UTC
"Projekto ""Šakių raj.sav. Būblelių ir Žvirgždaičių kad. vietovėse esančių melioracijos statinių rekonstravimas"" techn.darbo projekto parengimas, statinio projekto vykdymo priežiūra",,,,,,
Diagnostikos reagentų bei papildomų medžiagų su biocheminio analizatoriaus panauda pirkimas (36 mėn.,,,,,,
Statybinių medžiagų ir panašių gaminių pirkimas,,,,,,2018-08-10 09:00:00 UTC
"4 kvietimas - chirurginių siūlų pirkimas, taikant dinaminę pirkimų sistemą",,,,,,
Trombocitų agregacijos tyrimus atliekančio analizatoriaus nuoma,,,,,,
Saulės g. Elektrėnuose rekonstrukcija,,,,,,2018-08-07 10:00:00 UTC
NacionalinÄ—s klimato kaitos valdymo politikos strategijos atnaujinimo projekto parengimo paslaugos,,,,,,
DEGALAI AUTOMOBILIAMS (BENZINAS A95 IR DYZELINAS Nr. 16911,,,,,,2018-08-20 09:00:00 UTC
ATNAUJINTI PAGRINDINIO IR REZERVINIO DUOMENŲ CENTRŲ ELEKTROS MAITINIMO IR VENTILIAVIMO – KONDICIONAVIMO SISTEMAS PIRKIMAS (IRD-D14-53,,,,,,
Marijampolės savivaldybės gatvių apšvietimo įrenginių eksploatavimo paslaugos,,,,,,
"Rangos darbai pagal projektą „D2 ir D3 kategorijos Liepų g. ir poilsio infrastruktūros įrengimo Dargužių k., Valkininkų sen., Varėnos r. sav. supaprastintas statybos projektas“",,,,,,2018-07-31 10:00:00 UTC
Negyvosios jūros purvo viešasis pirkimas,,,,,,2018-08-07 08:00:00 UTC
"Mokslo paskirties pastato – mokyklos unik. 9198-3008-9013 adresu: Gudelių g. 7, Žadžiūnų k., Kairių sen., Šiaulių r. sav., paskirties keitimo į administracinę ir paprastojo remonto darbai",,,,,,2018-08-02 10:00:00 UTC
Keleivių vežimo vietinio reguliaraus susisiekimo autobusų maršrutais Biržų mieste ir rajone paslaugos,,,,,,
JONAVOS MIESTO PREZIDENTO GATVĖS KAPITALINIO REMONTO PROJEKTO IR JONAVOS MIESTO ŽEMAITĖS GATVĖS ATKARPOS KAPITALINIO REMONTO IR TAKO NAUJOS STATYBOS PROJEKTO VYKDYMO PRIEŽIŪRA,,,,,,
Reagentai ir papildomos priemonės kraujo dujų tyrimams (kartu su analizatorių panauda ir technine priežiūra,,,,,,
PAŽINTINIŲ TURŲ ORGANIZAVIMO IR APTARNAVIMO PASLAUGOS,,,,,,
VšĮ Utenos ligoninės pagrindinio pastato rekonstravimo TP korektūros parengimas,,,,,,
Vaikų priežiūros pas budinčius globotojus paslaugų pirkimas,,,,,,2018-07-25 09:00:00 UTC
"Vienkartinių priemonių komplektai, skirti donoriniams inkstams saugoti perfūziniame įrenginyje bei įrangos komplektas šioms operacijoms vykdyti",,,,,,
"RUSŲ GIMTOSIOS KALBOS 5 KLASĖS VADOVĖLIO RANKRAŠČIO, SKIRTO BENDROJO UGDYMO PROGRAMAS VYKDANČIOMS MOKYKLOMS TAUTINĖS MAŽUMOS KALBA, PARENGIMO ARBA ADAPTAVIMO PASLAUGOS",,,,,,2018-08-24 10:00:00 UTC
Medienos ruošos paslaugų pirkimas 2018 metams Kėdainių regioniniame padalinyje Kėdainių girininkijoje,,,,,,2018-08-03 13:00:00 UTC
Reagentai bei papildomos priemonės krešėjimo tyrimams (kartu su analizatorių panauda ir technine priežiūra,,,,,,
"Informacinės sistemos, skirtos įgyvendinti 2014–2021 EEE ir Norvegijos finansinius mechanizmus, sukūrimo paslaugos",,,,,,
Šiaulių miesto teritorijų tvarkymo ir valymo paslauga,,,,,,
Elektros energijos pirkimas,,,,,,2018-08-08 16:00:00 UTC
Šilumos tiekimo tinklų rekonstravimo darbai,,,,,,2018-07-20 09:00:00 UTC
Medicininės įrangos dalys bei serviso paslaugos,,,,,,
Mikroautobusai pritaikyti pervežti 6 ir 4 tarnybinius šunis,,,,,,2018-08-27 09:00:00 UTC
PAUKÅ TIENOS PIRKIMAS,,,,,,2018-08-07 10:00:00 UTC
Biržų rajono savivaldybės teritorijos bendrojo plano keitimo paslaugos,,,,,,2018-09-12 09:00:00 UTC
Echokardiografijos aparato įsigijimas vykdant projektą “Vaikų retų ligų kompetencijos centro įsteigimas LSMU ligoninėje Kauno klinikose”,,,,,,
"Gatvių, kelių ir jų priklausinių priežiūra Anykščių mieste ir rajone",,,,,,
Vienkartinės maišų ir magistralių sistemos donorų trombocitų aferezei kartu su nepertraukiamo ciklo centrifuginio aparato įsigijimu panaudos būdu.,,,,,,2018-08-14 10:00:00 UTC
"Valstybinės reikšmės magistralinio kelio A14 Vilnius–Utena ruožų 16,00–16,87 km ir 17,57–20,90 km rekonstravimas bei ruožų 16,87–17,57 km ir 20,90–21,812 km rekonstravimo techninio darbo projekto",,,,,,
"Chirurginių siuvimo reikmenų, tvarsliavos ir kitų medicininių priemonių pirkimas II",,,,,,
"Atliekų iš laivų, atvykstančių į Klaipėdos valstybinį jūrų uostą, ir teršalų iš uosto akvatorijos surinkimo ir utilizavimo paslaugų pirkimas",,,,,,
MAISTO PRODUKTŲ PIRKIMAS - KAUNO TECHNIKOS PROFESINIO MOKYMO CENTRO SUPAPRASTINTO MAŽOS VERTĖS MAISTO PRODUKTŲ MOKINIŲ MAITINIMUI VIEŠASIS PIRKIMAS,,,,,,2018-08-07 10:00:00 UTC
Apsaugos paslaugos pirkimas,,,,,,2018-08-03 09:00:00 UTC
Geografinės informacinės sistemos licencinio ir techninio palaikymo paslaugos,,,,,,
"S.Dariaus ir S.Girėno sporto centro centrinio stadiono tribūnų išplėtimo, daugiafunkcio sveikatinimo, kultūros ir užimtumo centro įkūrimo ir automobilių saugyklos statybos darbų pirkimas",,,,,,
Centrinės viešųjų pirkimų informacinės sistemos posistemių priežiūros ir vystymo paslaugos,,,,,,
Internetinio tinklapio sukūrimo paslaugų pirkimas,,,,,,2018-08-16 09:00:00 UTC
"Kultūros paskirties pastato T. Kosciuškos g. 4 ir maitinimo paskirties pastato Maironio g. 7, Druskininkuose rekonstravimo į kultūros paskirties pastatą darbai, įskaitant darbo projekto parengimą",,,,,,2018-08-22 10:00:00 UTC
"„Klaipėdos valstybinio jūrų uosto krantinės Nr. 142, krantinės Nr. 141 dalies, Minijos g. 180, Klaipėda, ir kranto prie krantinės Nr. 142 tvirtinimo Perkėlos g. 8, Klaipėda, rekonstravimas“",,,,,,
"Baldų pirkimas Mažeikių lopšeliams - darželiams ""Berželis"" ir ""Gintarėlis""",,,,,,2018-08-03 08:00:00 UTC
"Stuburo fiksatoriai, ortopedijos - traumatologijos medicinos pagalbos priemonÄ—s Nr. 17246",,,,,,2018-08-06 09:00:00 UTC
Vienkartinių medicinos pagalbos priemonių pirkimas Nr.15761,,,,,,
MEDIENOS RUOŠOS IR MIŠKŲ ŪKIO PASLAUGŲ 2018 METAMS PIRKIMAS,,,,,,
LR CIVILINIŲ ORLAIVIŲ REGISTRO PROGRAMAVIMO PASLAUGŲ PIRKIMAS,,,,,,2018-07-31 10:00:00 UTC
Miško atkūrimo ir miško priežiūros paslaugų pirkimas 2018 metams Kėdainių regioniniame padalinyje,,,,,,2018-08-02 10:00:00 UTC
"Chirurginių siuvimo reikmenų, tvarsliavos ir kitų medicininių priemonių pirkimas I",,,,,,
Superkamo pieno ir šio pieno mėginių tapatumo kontrolės paslaugų pirkimas,,,,,,
Druskos barstytuvÅ³ pirkimas,,,,,,2018-08-22 10:00:00 UTC
Medicinos Ä¯ranga (I etapas,,,,,,2018-08-06 10:00:00 UTC
Marijampolės sav. Liudvinavo sen. Želsvos k. ir Būriškių k. pėsčiųjų tako remonto darbai,,,,,,2018-08-01 09:00:00 UTC
EESSI projekto kompiuterinės ir standartinės programinės įrangos pirkimas,,,,,,
"Laboratorinės diagnostikos reagentų, medžiagų ir papildomų priemonių kartu su įrangos įsigijimu panaudos būdu pirkimas",,,,,,
Pieno ir pieno produktÅ³ pirkimas,,,,,,2018-07-31 10:00:00 UTC
Medicininės įrangos ir baldų pirkimas,,,,,,
Įranga reprodukcinės medicinos centrui,,,,,,2018-08-21 09:00:00 UTC
4G modemų-maršrutizatorių mažos vertės skelbiamos apklausos būdu pirkimas,,,,,,2018-08-01 09:00:00 UTC
SUSKYSTINTŲ GAMTINIŲ DUJŲ LAIVO-SAUGYKLOS SU IŠDUJINIMO ĮRENGINIU BUKSYRAVIMO IR KITOS UOSTO VILKIKŲ PASLAUGOS,,,,,,2018-08-07 14:00:00 UTC
(2018-TIC-82 SCCM konsultacinių paslaugų pirkimų,,,,,,2018-07-31 14:00:00 UTC
Komunalinių atliekų surinkimo Pagėgių savivaldybės teritorijoje ir jų transportavimo į apdorojimo įrenginius paslaugų pirkimas,,,,,,
Europos Sąjungos investicijų į regionų plėtrą ir jų poveikio gyvenimo kokybės pokyčiams vertinimo ir Europos socialinio fondo finansuojamų mokymų kokybės ir efektyvumo vertinimo paslaugų pirkima,,,,,,
"Daugiabučių gyvenamųjų namų Melioratorių g. 11, Noriūnų k., Kupiškio r., Liepų g. 7, Šepetos k., Kupiškio r. ir Liepų g. 8, Šepetos k., Kupiškio r. laiptinių langų ir durų keitimas naujais",,,,,,2018-08-01 12:00:00 UTC
Mokymų organizavimo paslaugų pirkimas,,,,,,
LEMPUČIŲ IR SEPTYNIŲ SEGMENTŲ INDIKATORIŲ PIRKIMAS,,,,,,2018-08-01 10:00:00 UTC
IŠORINĖS VAIZDINĖS REKLAMINĖS KAMPANIJOS LATVIJOJE IR ESTIJOJE ORGANIZAVIMO PASLAUGOS,,,,,,2018-08-03 09:00:00 UTC
SAP BusinessObjects BI licencijų viešasis pirkimas,,,,,,
"(2018-ESO-898 0,4kV OL L-1000 IR L-1600 iš MT-10, L-100 ir L-1100 iš TR-31 keitimas į KL, bei 0,4kV KL MT10-KS21 keitimas nauja, Biržų m.",,,,,,2018-08-10 10:00:00 UTC
Lengvųjų mikroautobusų veiklos nuoma su techninės priežiūros ir visomis eksploatacijos paslaugomis,,,,,,
Policijos tarnybinės uniformos apatiniai drabužiai,,,,,,
Švietimo įstaigų priešgaisrinės ir apsauginės signalizacijos projektavimas ir rangos darbai (V,,,,,,2018-07-31 09:00:00 UTC
Mechaninio vandens valymo filtro kasetÄ—s,,,,,,2018-08-06 09:00:00 UTC
Darbuotojų radioaktyviosios taršos stebėsenos prietaisų pirkimas,,,,,,
"Reagentai imunohematologinių tyrimų analizatoriui (kartu su analziatoriaus panauda ir technine priežiūra, reagentai kraujo grupės ir Rh faktoriaus nustatymui rankiniu būdu",,,,,,
PRIEDAI TURIMAI RICHARD WOLF Ä®RANGAI,,,,,,
SpirometrÅ³ pirkimas,,,,,,
"Projekto „Rietavo Oginskių kultūros istorijos muziejaus kompleksinis sutvarkymas ir pritaikymas kultūrinėms, edukacinėms reikmėms“ rangos darbų pirkimas",,,,,,2018-08-10 10:00:00 UTC
Popieriniai bilietų žymėjimo įrenginiai (elektromechaniniai komposteriai,,,,,,
Švietimo įstaigų priešgaisrinės ir apsauginės signalizacijos projektavimas ir rangos darbai (VI,,,,,,2018-07-31 10:00:00 UTC
"Kelių, gatvių, šaligatvių, dviračių ir pėsčiųjų takų valymo mašinos",,,,,,2018-08-01 14:00:00 UTC
"Bangų gatvės pėsčiųjų dviračių tako (nuo Klaipėdos plento iki Vytauto gatvės statybos Palangoje, techninio darbo projekto parengimo ir projekto vykdymo priežiūros paslaugų pirkimas",,,,,,2018-08-14 10:00:00 UTC
Gamtinių dujų pirkimas,,,,,,
Konsultacinių ekspertinių paslaugų įgyvendinant projektą „Viešųjų investicijų efektyvumo didinimas“ pirkimas,,,,,,
Rentgeno juostÅ³ pirkimas,,,,,,
"ANTŽEMINIŲ, PUSIAU POŽEMINIŲ IR POŽEMINIŲ KONTEINERIŲ BEI PUSIAU POŽEMINIŲ IR POŽEMINIŲ KONTEINERIŲ AIKŠTELIŲ PROJEKTAVIMO IR ĮRENGIMO DARBŲ PIRKIMAS",,,,,,2018-08-14 09:00:00 UTC
Transmisinių tepalų pirkimas,,,,,,2018-07-31 10:00:00 UTC
Gėlių puokštės ir kompozicijos,,,,,,2018-08-02 08:00:00 UTC
Traktorius su priedais,,,,,,
Keleivių vežimo vietinio (priemiestinio reguliaraus susisiekimo maršrutais Šakių rajono savivaldybės administruojamoje teritorijoje paslaugos,,,,,,
(2017-CP-15 Kanceliarinės prekės,,,,,,
"Šiaulių rajono Gruzdžių gimnazijos pastato modernizavimo II etapas (Higienos normų reikalavimų pažeidimų pašalinimas, I dalis",,,,,,2018-08-06 14:00:00 UTC
Kompiuterinio tomografo papildomų vienkartinių priemonių pirkimas,,,,,,
Ne karinÄ—s paskirties radijo stotys,,,,,,2018-08-08 08:00:00 UTC
Statybinės medžiagos ir panašūs gaminiai,,,,,,2018-07-31 10:00:00 UTC
Kelio Å¾enklai,,,,,,
"STERILIZUOJAMŲ GAMINIŲ PAKAVIMO PRIEMONĖS, STERILIZACIJOS PROCESŲ KONTROLĖS PRIEMONĖS IR PAPILDOMOS STERILIZACIJOS BEI INSTRUMENTŲ PRIEŽIŪROS PRIEMONĖS",,,,,,
Asmens higienos gaminių užsakymai per CPO LT elektroninį katalogą,,,,,,2022-06-18 00:00:00 UTC
Kunionių kaimo vandentiekio ir nuotekų tinklų plėtra,,,,,,2018-08-06 12:00:00 UTC
"KOMPIUTERINĖS ĮRANGOS PRIEŽIŪROS IR REMONTO PASLAUGŲ, ĮSKAITANT REMONTINES DETALES, PIRKIMAS",,,,,,
"Modernizuojamo Lietuvos Respublikos gyventojų registro sąsajų su Asmens dokumentų išdavimo sistema, Užsieniečių registru bei Vidaus reikalų informacine sistema sukūrimas",,,,,,
Jurbarko rajono savivaldybės administracijos pastato tinkuoto fasado dažymo rangos darbai,,,,,,2018-08-03 09:00:00 UTC
"Pastatų Dzūkų g. 17, Leipalingio mstl., Druskininkų sav., griovimo ir naujo gyvenamosios paskirties pastato (savarankiško gyvenimo namų statybos darbai",,,,,,2018-07-27 10:00:00 UTC
Statybinės medžiagos,,,,,,
Perkami signaliniai stulpeliai,,,,,,
Signalinių stulpelių pirkimas,,,,,,
Medienos ruošos paslaugų pirkimas 2018 metams Kėdainių regioniniame padalinyje Labūnavos girininkijoje,,,,,,2018-08-03 12:00:00 UTC
Reagentų (geležies chlorido ir sieros rūgšties pirkimas,,,,,,2018-08-02 09:00:00 UTC
Duomenų centro paslaugų viešasis pirkimas,,,,,,
„ORACLE“ PROGRAMINĖS ĮRANGOS TECHNINIO PALAIKYMO LICENCIJŲ PIRKIMAS,,,,,,
Keleiviniai - ligoniniai liftai,,,,,,
Autonominio objektų stebėjimo sistemos paslaugos (preliminari sutartis,,,,,,2018-07-31 09:00:00 UTC
Mokesčių mokėtojų apklausų (i.MAMC viešasis pirkimas,,,,,,
"Maisto produktų pirkimas (duonos gaminiai, švieži kepiniai ir pyrago gaminiai; įvairūs maisto produktai",,,,,,
"Pagėgių savivaldybės Rukų kaimo Kamanos, Vilties ir Paupio gatvių infrastruktūros sutvarkymas",,,,,,2018-08-03 13:00:00 UTC
"Jaunystės g. nuo Jaunystės/Medkirčių g. sankryžos iki Jaunystės/Vaičiūnaitės g. sankryžos, Vilniuje, rekonstravimas",,,,,,2018-08-14 10:00:00 UTC
Miesto miškų ir miško parkų priežiūros ir tvarkymo paslaugų pirkimas,,,,,,
Buitinių nuotekų iš kaupimo rezervuarų išvežimo ir tvarkymo paslaugos (RĮAC,,,,,,
"BIURO ĮRANGOS PRIEŽIŪROS IR REMONTO PASLAUGŲ, ĮSKAITANT REMONTINES DETALES, PIRKIMAS",,,,,,
"Reklamos planavimo, kūrybinių sprendimų ir jų įgyvendinimo paslaugų pirkimas",,,,,,2018-08-08 10:00:00 UTC
Kėlimo įrangos atsarginių dalių pirkimas,,,,,,
"MODERNIZUOJAMOS LKSSAIS PROJEKTAVIMO, PROGRAMAVIMO, MODERNIZAVIMO, TESTAVIMO, DIEGIMO BEI TESTINÄ–S APLINKOS SUTEIKIMO PASLAUGOS",,,,,,2018-08-16 10:00:00 UTC
KUPOLINIŲ STOGLANGIŲ PAKEITIMO DARBAI,,,,,,2018-07-30 15:00:00 UTC
Daugiafunkcinių įrenginių eksploatacinių medžiagų tiekimo ir techninio aptarnavimo bei remonto paslaugų pirkimas,,,,,,2018-08-08 00:00:00 UTC
"MEDICINOS ĮRANGA, LABORATORINĖ ĮRANGA IR MEDICININIAI BALDAI",,,,,,
Degalų pirkimas degalinėse,,,,,,
C-27J DUOMENÅ² NUSKAITYMO IR APDOROJIMO SISTEMOS PIRKIMAS,,,,,,
Kelmės rajono gatvių ir teritorijų apšvietimui suvartojamos energijos taupymo paslauga,,,,,,2018-08-09 13:00:00 UTC
"KORPUSINIAI/MINKŠTI BALDAI, KARIO SPINTOS/STALAI, DVIAUKŠTĖS/SULANKSTOMOS LOVOS, ĮVAIRIOS KĖDĖS, STELAŽAI, GINKLŲ PIRAMIDĖS/ VALYMO STALAI, SEIFAI ŠAUDMENIMS, LYGINIMO LENTOS",,,,,,
Kompiuterinės įrangos VGTU padaliniams Nr. 1 pirkimas,,,,,,
Klaipėdos apskrities Klaipėdos rajono savivaldybės Dovilų seniūnijos žemės konsolidacijos projekto teritorijoje esančios viešosios erdvės ir viešosios infrastruktūros sutvarkymo rangos darbai,,,,,,2018-07-31 10:00:00 UTC
scenos įgarsinimo ir apšvietimo įrangos pirkimas,,,,,,2018-08-02 10:00:00 UTC
Automatizuotos energijos informacinės apskaitos ir monitoringo sistemos atnaujinimo paslaugų pirkimas,,,,,,
Medicinos priemonės neurochirurgijai,,,,,,
Bėgių ir pereinamųjų bėgių pirkimas,,,,,,2018-08-10 10:00:00 UTC
Statybinių ir pavojingų atliekų išvežimo ir utilizavimo paslaugų pirkimas,,,,,,2018-07-31 09:00:00 UTC
Vaistini킬 preparat킬 ir specialios paskirties maisto produkt킬 k큰dikiams pirkimas Nr. 14546,,,,,,
Miško kelio rekonstrukcijos darbai mažos vertės skelbiamas pirkimas,,,,,,2018-08-03 09:00:00 UTC
LRT portalo techninės infrastruktūros pirkimas,,,,,,2018-07-23 14:00:00 UTC
"Mokslo paskirties pastato, adresu Reikjaviko g. 17, Klaipėdoje, vidaus patalpų paprastojo remonto darbai",,,,,,2018-08-01 14:00:00 UTC
Diagnostiniai reagentai ir priemonės su automatizuoto kraujo ir sterilių kūno skysčių pasėlių skystoje terpėje analizatoriaus su programine įranga panauda,,,,,,
"Naujų daugiafunkcinių spausdintuvų nuomos, įskaitant jų priežiūros paslaugas ir spaudus pirkimas",,,,,,
"Medicininė įranga, dezinfekcijos proceso modernizavimui, VšĮ Klaipėdos universitetinėje ligoninėje, adresu: Liepojos g. 39, Klaipėda",,,,,,
Reflektometras šviesolaidžio parametrų matavimui,,,,,,2018-08-03 10:00:00 UTC
Finansų valdymo ir apskaitos informacinė sistema,,,,,,
Šviesolaidžiai ir elektrodai urologinei įrangai,,,,,,
Kompiuterinio tinklo Ä¯rangos pirkimas,,,,,,2018-08-01 09:00:00 UTC
Ligoninėje turimos brachiterapijos sistemos Multisourse su didelės dozės galios 60 Co šaltiniu techninės priežiūros paslauga,,,,,,
"Prekių ir paslaugų, skirtų rentgeno aparato Mercury 332 modernizavimui, pirkimas",,,,,,
"Ventiliacinės sistemos įrengimo Klaipėdos Vytauto Didžiojo gimnazijos pastate, esančiame S. Daukanto g. 31, Klaipėdoje, techninio projekto parengimo ir projekto vykdymo priežiūros paslaugos",,,,,,
Mikroautobuso pirkimas,,,,,,2018-08-06 09:00:00 UTC
Skaitmeninis rentgeno aparatas,,,,,,
Reagentai naujiems laboratoriniams tyrimams Imunologijos ir alergologijos klinikoje,,,,,,
"GRĘŽINIŲ LIKVIDAVIMO PASLAUGOS (LAUŽO K.1, TAURAGĖS SEN., TAURAGĖS R. SAV.",,,,,,2018-08-01 09:00:00 UTC
Veterinarini킬 vaist킬 ir pagalbini킬 medicinos priemoni킬 pirkimas,,,,,,2018-08-02 10:00:00 UTC
Bačiūnų gatvės tarp Pramonės gatvės ir Šiaulių miesto ribos rekonstravimo I etapo darbai,,,,,,2018-07-17 09:00:00 UTC
Medicinos pagalbos priemonÄ—s,,,,,,
Komposto ir rūšiuotų atliekų transportavimo paslaugos,,,,,,
Žemės sklypo Turgaus g. 24 detaliojo plano keitimo parengimo paslaugos,,,,,,
"(2018-ESO-842 10kV OL L-400 iš Antalieptės TP rekonstravimo keičiant į KL Naršėnų, Landiškių, Jasiūnų, Kuitenių, Antalieptės k., Antalieptės sen., Zarasų raj. darbai",,,,,,2018-07-31 10:00:00 UTC
"Nekilnojamojo ir kilnojamojo turto, bendrosios civilinės atsakomybės, transporto priemonių valdytojų civilinės atsakomybės privalomojo ir transporto priemonių Kasko draudimo paslaugos",,,,,,
Profesionalus maisto trintuvas - blenderis,,,,,,2018-08-01 10:00:00 UTC
Perkamos Specializuotos HDR darbo vietos,,,,,,
Priešgaisrinio lengvos konstrukcijos katerio su pakabinamu varikliu ir papildoma įranga pirkimas,,,,,,2018-08-07 09:00:00 UTC
KOMUNALINIŲ ATLIEKŲ TVARKYMO SISTEMOS PLĖTRA ŠALČININKŲ RAJONE,,,,,,
Medicinos pagalbos priemonÄ—s,,,,,,
Duomenų bazių serverių išplėtimas,,,,,,
Detali킬j킬 plan킬 korekt큰ros parengimo paslaugos,,,,,,
"Garso sistemos ir kompiuterinės įrangos komplekto, projektui „Akmenės rajono savivaldybės bendrojo ugdymo įstaigų modernizavimas“ įgyvendinti, pirkimas",,,,,,2018-07-30 08:00:00 UTC
Elektros energijos pirkimas,,,,,,2018-08-01 10:00:00 UTC
Imunobiologiniai preparatai (vakcinos nacionalinÄ—s imunoprofilaktikos programai vykdyti,,,,,,
"Švietimo įstaigų remonto darbai (Lopšelio-darželio ,,Eglutė"" sanitarinių mazgų remontas",,,,,,2018-08-02 14:00:00 UTC
Vaistai ir žaliavos vaistų gamybai,,,,,,
LITNET Vilniaus miesto kompiuterių tinklo magistralinių mazgų įrangos pirkimas VU9031,,,,,,2018-07-24 10:00:00 UTC
Klaipėdos karalienės Luizės jaunimo centro (Puodžių g. sporto salės modernizavimo techninio projekto parengimo ir projekto vykdymo priežiūros paslaugos,,,,,,
Buitinė įranga-kavos aparatai,,,,,,2018-07-30 14:00:00 UTC
Nešiojamųjų kompiuterių pirkimas,,,,,,
Projekto „Lietuvos transporto saugos administracijos informacinių išteklių sukūrimas“ informacinių išteklių sukūrimui reikalinga kompiuterių tinklo įranga,,,,,,2018-08-02 10:00:00 UTC
IT debesijos paslaugos,,,,,,2018-08-13 09:00:00 UTC
Molibdeno-technecio (99Mo/99mTc generatoriai,,,,,,
Medicininė įranga VšĮ Klaipėdos universitetinei ligoninei,,,,,,
Medicinos reikmenys,,,,,,2018-07-26 09:00:00 UTC
Antivirusiniai vaistiniai preparatai AIDS ligai gydyti,,,,,,
Tikslios kontrolės kondicionierių viešasis pirkimas,,,,,,2018-08-07 10:00:00 UTC
Pirštinių mažos vertės pirkimas,,,,,,2018-08-02 08:30:00 UTC
NAXOS MUSIC LIBRARY DUOMENŲ BAZĖS PASLAUGŲ PIRKIMAS/ PROCUREMENT OF SUBSCRIPTION SERVICES TO THE ONLINE RESEARCH DATABASE NAXOS MUSIC LIBRARY,,,,,,
Serverinės įrangos gamintojo garantijos pratęsimo paslaugos,,,,,,2018-08-03 10:00:00 UTC
Medicinos pagalbos priemonÄ—s,,,,,,
"Veliuonos Švč. M. Marijos ėmimo į dangų bažnyčios pagrindinės salės (navos dalies, prienavio ir priebažnyčio su antro aukšto patalpomis tvarkybos (remonto, restauravimo darbai",,,,,,2018-08-03 09:00:00 UTC
Tvoros pakeitimo darbai,,,,,,2018-08-06 09:00:00 UTC
Techninių dujų balionuose pirkimas,,,,,,2018-07-31 12:00:00 UTC
"Pavojing킬 ir nepavojing킬 atliek킬 sutvarkymo Svirno g. 6, Eigirgalos k., Domeikavos sen., Kauno r., paslaug킬 pirkimas",,,,,,
Lietuvos Respublikos teritorijos aerofotografavimo ir ortofotografinių žemėlapių sudarymo paslaugų pirkimas,,,,,,
Policijos tarnybinės uniformos šalikai (kaklamautės ir žieminės kepurės,,,,,,
Fizinės ir techninės apsaugos paslaugos (117.1,,,,,,2018-08-06 10:00:00 UTC
Pagalbos ir apsaugos rinkiniÅ³ pirkimas,,,,,,
Aviacinio kuro pirkimas,,,,,,2018-08-14 10:00:00 UTC
ATEX II tipo LED Å¡viestuvai,,,,,,2018-08-06 14:00:00 UTC
"(2017-ESO-2093 Micro TSPĮ ir kiti telemetrijos įrenginiai, skirti DSRĮ",,,,,,
Medicininių priemonių pirkimas,,,,,,
MEDŽIŲ LAJŲ TAKO KOMPLEKSO AUTOMOBILIŲ STOVĖJIMO AIKŠTELĖS REKONSTRUKCIJOS DARBAI,,,,,,2018-08-01 11:00:00 UTC
Šilumos ir sistemų papildymo vandens skaitiklių techninė ir metrologinė priežiūra,,,,,,
Valstybės biudžeto apskaitos ir mokėjimų informacinės sistemos (VBAMS Valstybės skolos ir piniginių išteklių valdymo posistemės (VSPIVS palaikymas,,,,,,
Informacinės sistemos Statera plėtros paslaugos,,,,,,2018-08-06 10:00:00 UTC
REANIMOBILIO IR NEŠTUVINIŲ LIGONIŲ PERVEŽIMAS,,,,,,2018-08-03 11:00:00 UTC
Druskininkų savivaldybės gėlynų įrengimo ir teritorijų apželdinimo bei priežiūros paslaugos,,,,,,
Radiofarmacinis preparatas,,,,,,
AVALYNĖS PĖDSAKŲ SKENAVIMO IR DUOMENŲ APDOROJIMO SISTEMOS ĮSIGIJIMAS,,,,,,
Vandentiekio ir nuotekų tinklų plėtra Krinčino ir Daujėnų mstl. bei Daujėnų nuotekų valymo įrenginių statyba,,,,,,2018-07-31 10:00:00 UTC
Savaeigiai daugiafunkciniai kelių priežiūros įrenginiai,,,,,,
MEDICINOS TECHNIKOS IR TECHNOLOGIJÅ² ATNAUJINIMUI SKIRTAS PIRKIMAS NR. 14587,,,,,,
"Transporto priemonės, jų aptarnavimas garantiniu laikotarpiu (42.2",,,,,,2018-08-06 10:00:00 UTC
Verslo klubo maitinimo paslaugos,,,,,,
„Videniškių mokyklos pastato rekonstrukcija pritaikant bendruomenės poreikiams“ statybos darbai,,,,,,2018-08-10 09:00:00 UTC
Klaipėdos įgulos aptarnavimo centro administruojamų patalpų ir teritorijos valymo ir priežiūros paslaugos,,,,,,
"SANTA-HIS plėtros, modernizavimo ir diegimo paslaugos Nr. 15969",,,,,,
"Radiofarmacinių preparatų bei farmacinių preparatų, skirtų žymėjimui radiotechneciu, pirkimas",,,,,,
Miško mokslo darbų atlikimo paslaugos,,,,,,
Vaistai tuberkuliozei gydyti,,,,,,
LAIVŲ SPECIALISTŲ MOKYMO PASLAUGŲ PIRKIMAS,,,,,,2018-08-02 09:00:00 UTC
Maisto produktÅ³ pirkimas,,,,,,2018-08-01 10:00:00 UTC
Vandentiekio ir buitinių nuotekų tinklų išplėtimas Surviliškio kaime,,,,,,2018-08-02 12:00:00 UTC
Utenos miesto aplinkkelio tarp Švenčionių kelio ir Tauragnų kelio priežiūra,,,,,,
Vienkartinių rinkinių dviem terapiniams eritrocitų vienetams ruošti kraujo donorystės išvykose pirkimas ir įrangos nuoma,,,,,,
Suskystintos naftos dujos,,,,,,
Anestezijos aparato su paciento gyvybinių funkcijų monitoriumi įsigijimas vykdant projektą “Vaikų retų ligų kompetencijos centro įsteigimas LSMU ligoninėje Kauno klinikose”,,,,,,
LaiptiniÅ³ remontas,,,,,,2018-08-01 10:00:00 UTC
PROGRAMINĖS ĮRANGOS LICENCIJŲ PIRKIMAS,,,,,,2018-08-02 10:00:00 UTC
"Žvyras, skirtas kelių priežiūrai ir remontui (2",,,,,,2018-07-31 13:00:00 UTC
AK - Baterinių jėgos instrumentų rinkinio su priedais pirkimas,,,,,,
Atliekų transportavimo iš didžiųjų ir pavojingų atliekų surinkimo aikštelių paslaugų pirkimas,,,,,,
Bandomojo projekto vienos savivaldybės stambaus mastelio bazinio topografinių erdvinių duomenų rinkinio sudarymo kontrolės paslaugos,,,,,,
Kompiuterinio tomografo pilno techninio aptarnavimo paslaugos,,,,,,
Pilnai automatinis ELISA analizatorius,,,,,,
Reikmenys odos lopo meginiams,,,,,,
Spirometras ir ultragarsinis aparatas,,,,,,
Klaipėdos miesto teritorijoje išsiliejusių naftos produktų ir kitų teršalų valymo iš grunto ir vandens paslaugos,,,,,,2018-08-08 14:00:00 UTC
"Paskolų studentams suteikimo, administravimo ir grąžinimo informacinės sistemos (IS ""Paskola-3"" modifikavimo ir vystymo paslaugų viešasis pirkimas",,,,,,
Panevėžio r. vietinių kelių ir gatvių rekonstravimas,,,,,,2018-08-02 09:00:00 UTC
Diagnostinių reagentų pirkimas su analizatorių panauda ir technine priežiūra,,,,,,
Lietuvos Respublikos teritorijos aerofotografavimo ir ortofotografinių žemėlapių sudarymo paslaugos,,,,,,
"Atviro (tarptautinio konkurso „Objekto „Klaipėdos valstybinio jūrų uosto krantinių Nr. 143 ir Nr. 143 A rekonstravimas, Perkėlos g. 8, Klaipėda“ statybos I ir II etapo darbai“",,,,,,
VALDYMO KONSULTACINIŲ PASLAUGŲ PIRKIMAS,,,,,,
Miškininkystės paslaugos 2018 metams,,,,,,
ŠALČININKŲ JANO SNIADECKIO GIMNAZIJOS PASTATO VIDAUS ERDVIŲ PAPRASTOJO REMONTO DARBŲ PIRKIMAS,,,,,,2018-08-07 08:00:00 UTC
Antinavikinis vaistinis preparatas (proteosomos inhibitorius daugybinei mielomai gydyti â€“ Bortezomib,,,,,,
"Projekto „Lietuvos integralios muziejų informacinės sistemos (LIMIS plėtros, modernizavimo ir naujų el. paslaugų projekto „Virtualus muziejus“ techninės priežiūros paslaugos",,,,,,2018-08-01 10:00:00 UTC
AK - ApklotÅ³ operacijoms pirkimas,,,,,,
Medicininiai diagnostikos ir kiti aparatai 2018,,,,,,
"Viešosios įstaigos šeškinės poliklinikos teritorijos priežiūros ir vidaus patalpų bei objektų (inventoriaus valymo, dezinfekavimo paslaugų pirkimas",,,,,,
Intraokulinių lęšių pirkimas,,,,,,
Fiksuotosios stoties radijo stebėsenos imtuvų pirkimas,,,,,,
Mobilaus tekstilės atliekų surinkimo konteinerio ant ratų pirkimas,,,,,,2018-08-08 08:00:00 UTC
"Kelių priežiūros technikos padangų montavimo, balansavimo ir remonto paslaugų pirkimas",,,,,,
DARBUOTOJŲ NUOMOS PASLAUGŲ PIRKIMAS,,,,,,2018-08-06 13:00:00 UTC
"Sąskaitų, priminimo pažymų ir suderinimo aktų spausdinimas ir pristatymas",,,,,,2018-08-10 10:00:00 UTC
TURIM킨 PASLAUG킨 VALDYMO SISTEMOS LICENCIJ킨 TECHNINIO APTARNAVIMO PASLAUG킨 PIRKIMAS,,,,,,
"laboratorijos reagent킬, skirt킬 hematologini킬 tyrim킬 atlikimui, pirkimas",,,,,,
Medicinoje naudojamos dujos,,,,,,2018-08-03 09:00:00 UTC
"Vyriškų, moteriškų megztinių (SP, KOP, laivo uniformos pirkimas",,,,,,2018-08-07 10:00:00 UTC
PERSONALO IR DARBO UŽMOKESČIO SISTEMOS PRIEŽIŪRA,,,,,,
"Laikino modulinio pastato – ikimokyklinio korpuso prie vaikų darželio – lopšelio „Šilas“ – Gėlių g. 2A, Lentvaris, Trakų r. sav., įrengimas ir nuoma",,,,,,2018-08-22 09:00:00 UTC
"(2018-ESO-848 NV vidutinio slėgio skirstomojo dujotiekio iki sklypų Draugystės g., Lauko g. ir kt. gatvėse Aukštelkų k., Radviliškio r. sav. projektavimo paslaugos ir statybos darbų pirkimas",,,,,,2018-08-03 09:00:00 UTC
E-2 garo katilo BKZ-75-39 FB NR.3 rekonstravimo dėl NOx mažinimo darbai,,,,,,2018-07-31 10:00:00 UTC
VALGYKLŲ TECHNOLOGINĖS IR ŠALDYMO ĮRANGOS REMONTO PASLAUGOS (PANEVĖŽYS,,,,,,
Baltos druskos keliÅ³ barstymui pirkimas,,,,,,
"Susikaupusių atliekų, sąšlavų ir žaliųjų atliekų išvežimo iš Klaipėdos rajono Gargždų seniūnijos teritorijos paslaugų pirkimas",,,,,,
Apsauginio tinklo ant vejos pirkimas,,,,,,2018-08-02 14:00:00 UTC
"(2018-LE-99 Teisinių paslaugų (sutarčių, kai jos sudaromos su užsienio kontrahentais, teisė pirkimas",,,,,,
Kvalifikuoto elektroninio parašo kūrimo įtaisai,,,,,,2018-08-06 09:45:00 UTC
Dokumentų valdymo informacinės sistemos bazinės priežiūros ir užsakomųjų priežiūros ir vystymo paslaugų pirkimas,,,,,,
Biokuro gaminimo ir transportavimo paslaugos 2018 metams,,,,,,
Elektros energijos pirkimas Nr. 2017/PCPR-3-8,,,,,,
"Nekilnojamiems daiktams priskirtinių žemės sklypų formavimo ir pertvarkymo projektų parengimo, suformuotų žemės sklypų kadastro duomenų bylų atnaujinimo bei kadastrinių matavimų paslaugų pirkimas",,,,,,2018-08-07 09:00:00 UTC
Mokesčių informacijos centro klientų aptarnavimo standarto parengimo paslaugų viešasis pirkimas,,,,,,2018-08-02 10:00:00 UTC
Partnerių pritraukimo ir kitų su partnerių paieška bei pritraukimu susijusių paslaugų pirkimas,,,,,,2018-08-07 09:00:00 UTC
"Vaikų žaidimo aikštelės, jų įrengimas ir priežiūra",,,,,,
Miesto laikrodis Utenio aikštėje,,,,,,
NO dujų dozatorius su NO dujomis,,,,,,
Klaipėdos miesto aglomeracijos strateginių triukšmo žemėlapių parengimo paslaugos,,,,,,
"(2018-ESO-754 NV Administracinio pastato prijungimo (III etapas Saltoniškių g. 7, Vilnius darbai",,,,,,2018-07-02 10:00:00 UTC
"RRT svetainės www.rrt.lt turinio valdymo sistemos atnaujinimo, modulių programavimo, modifikavimo ir testavimo paslaugų pirkimas",,,,,,
"Gaisro gesinimo priemonių ir įrenginių, jų techninės priežiūros (patikros ir remonto paslaugos",,,,,,2018-08-02 10:00:00 UTC
VĮ KVJUD patikėjimo teise valdomų krantinių eksploataciniai remonto darbai,,,,,,2018-08-09 09:00:00 UTC
"VILNIAUS ŽALIAKALNIO DARŽELIO-MOKYKLOS PASTATO, PERGALĖS G. 22, VILNIUJE, REMONTO DARBAI",,,,,,2018-07-30 10:00:00 UTC
Nuotekų siurblinių rezervuarų plovimo paslaugos,,,,,,
"Pirkimas - Elektros krautuvų, elektrinių vežimėlių ir vilkiko techninės priežiūros, gedimų diagnostikos ir remonto paslaugų pirkimas",,,,,,
CERT-LT darbo procesų valdymo platformos sukūrimo ir įdiegimo paslaugos,,,,,,
INVEGOS fondo įgyvendinamos finansų inžinerijos priemonės „Portfelinės garantijos faktoringo sandoriams“ finansų tarpininkų paslaugos,,,,,,
Utenos dumblo apdorojimo įrenginių statyba,,,,,,
Kardiologijos intervencinės radiologijos priemonės,,,,,,2018-08-28 10:00:00 UTC
Mikrochirurginių oftolmologinių instrumentų pirkimas,,,,,,2018-08-07 10:00:00 UTC
"Patrulinio laivo ,,Aukštaitis"" (P14 pagrindinių variklių reglamentinis remontas",,,,,,
